Season,Name,Tm,IP,TBF,K/9,BB/9,K/BB,HR/9,K%,BB%,K-BB%,AVG,WHIP,BABIP,LOB%,FIP,xFIP,playerId
2022,"Matt Bush","2 Tms",5.1,21,10.12500001,3.375,3,1.6875,0.28571429,0.0952381,0.19047619,0.21052632,1.125,0.25,0.65217391,4.424931001663208,3.3752773180384126,1246
2022,"Zack Greinke","KCR",137,585,4.79562044,1.77372263,2.7037037,0.91970803,0.12478632,0.04615385,0.07863247,0.2859745,1.34306569,0.30555556,0.72879331,4.032139031663208,4.540626612414409,1943
2022,"Clayton Kershaw","LAD",126.1,493,9.75989446,1.63852243,5.95652174,0.71240106,0.27789047,0.04665314,0.23123733,0.20645161,0.94195251,0.26791277,0.79439252,2.5662568616632084,2.826209110643112,2036
2022,"Adam Wainwright","STL",191.2,803,6.71478261,2.53565217,2.64814815,0.75130435,0.17808219,0.06724782,0.11083437,0.26086957,1.28347826,0.30188679,0.75021683,3.660257091663208,4.096601989018905,2233
2022,"Corey Kluber","TBR",164,689,7.62804878,1.15243902,6.61904762,1.09756098,0.20174165,0.03047896,0.17126269,0.27384615,1.21341463,0.31663327,0.70165746,3.5697480716632084,3.9160837604868703,2429
2022,"Lance Lynn","CHW",121.2,512,9.17260274,1.40547945,6.52631579,1.40547945,0.2421875,0.03710938,0.20507812,0.24740125,1.13424658,0.29411765,0.68369028,3.819280321663208,3.443912417585619,2520
2022,"Max Scherzer","NYM",145.1,565,10.71330275,1.48623853,7.20833333,0.80504587,0.30619469,0.04247788,0.26371681,0.20650096,0.90825688,0.27616279,0.83333333,2.617018161663208,3.22654299447831,3137
2022,"Anibal Sanchez","WSN",69.1,292,6.23076923,4.28365385,1.45454545,1.6875,0.16438356,0.1130137,0.05136986,0.2173913,1.26923077,0.21649485,0.78590786,5.766277151663209,5.271761998308472,3284
2022,"Charlie Morton","ATL",172,728,10.72674419,3.29651163,3.25396825,1.46511628,0.28159341,0.08653846,0.19505495,0.2328125,1.23255814,0.29227053,0.75995807,4.257779841663208,3.6046565753429434,4676
2022,"Rich Hill","BOS",124.1,526,7.89008043,2.67828418,2.94594595,1.08579088,0.20722433,0.07034221,0.13688212,0.25826446,1.30294906,0.30470914,0.68275862,3.9167205416632083,4.122417928149721,4806
2022,"Michael Pineda","DET",46.2,200,5.01428571,1.54285714,3.25,2.50714286,0.13,0.04,0.09,0.30366492,1.41428571,0.29411765,0.73221757,6.1338595716632085,4.796429510507188,5372
2022,"Jesse Chavez","ATL",1,6,0,0,0,0,0,0,0,0.5,3,0.5,0.33333333,3.112431001663208,9.03390861749649,5448
2022,"Madison Bumgarner","ARI",158.2,698,6.35294118,2.77941176,2.28571429,1.41806723,0.16045845,0.07020057,0.09025788,0.28100471,1.43697479,0.30616302,0.69306931,4.845624281663208,4.831257871771514,5524
2022,"David Phelps","TOR",1,4,0,0,0,0,0,0,0,0.33333333,1,0.33333333,1,6.112431001663208,6.112431001663208,6316
2022,"Chris Archer","MIN",102.2,437,7.36363636,4.20779221,1.75,1.05194805,0.19221968,0.10983982,0.08237986,0.22834646,1.31493506,0.25862069,0.67656766,4.485807621663208,4.5668563636878075,6345
2022,"Jake Odorizzi","2 Tms",106.1,453,7.27899687,2.96238245,2.45714286,1.18495298,0.18984547,0.07726269,0.11258278,0.25790754,1.32601881,0.29206349,0.69131833,4.278575201663208,4.697037761640371,6397
2022,"Alex Cobb","SFG",149.2,631,9.08017817,2.5857461,3.51162791,0.54120267,0.23930269,0.0681458,0.17115689,0.26206897,1.30289532,0.33647059,0.67961165,2.798399821663208,2.8870802725924958,6562
2022,"Carlos Carrasco","NYM",152,645,9,2.42763158,3.70731707,1.00657895,0.23565891,0.06356589,0.17209302,0.27150084,1.32894737,0.33723653,0.74650913,3.5334836316632083,3.4527736724403346,6632
2022,"Johnny Cueto","CHW",153.1,630,5.75217391,1.87826087,3.0625,0.82173913,0.15555556,0.05079365,0.10476191,0.26495726,1.21956522,0.29375,0.74971165,3.7646049116632083,4.3927100100225465,6893
2022,"Chase Anderson","CIN",22.1,94,9.26865672,5.23880597,1.76923077,0.80597015,0.24468085,0.13829787,0.10638298,0.19480519,1.25373134,0.24528302,0.56737589,4.366162341663208,4.2625463957154555,6895
2022,"Martin Perez","TEX",196.1,821,7.74702886,3.16298812,2.44927536,0.50424448,0.20584653,0.08404385,0.12180268,0.24119241,1.25806452,0.295053,0.77020202,3.265232361663208,3.8036129704270545,6902
2022,"Fernando Cruz","CIN",3.1,11,8.10000001,0,3,0,0.27272727,0,0.27272727,0,0,0,1,2.212431001663208,3.9888742872896357,7048
2022,"Craig Stammen","SDP",3,18,9,9,1,3,0.16666667,0.16666667,0,0.4,3,0.45454545,0.52631579,8.44576433166321,6.086256873607637,7274
2022,"Jordan Lyles","BAL",179,774,7.24022346,2.61452514,2.76923077,1.30726257,0.18604651,0.06718346,0.11886305,0.27605634,1.38547486,0.3125,0.73770492,4.397347201663209,4.394689236872689,7593
2022,"Wily Peralta","DET",2,9,13.5,13.5,1,0,0.33333333,0.33333333,0,0.16666667,2,0.33333333,1,4.612431001663208,5.3526157036423685,7738
2022,"Richard Bleier","MIA",1,5,9,9,1,0,0.2,0.2,0,0.25,2,0.33333333,0.5,4.112431001663208,5.592800405621529,7803
2022,"Bryan Shaw","CLE",4.1,23,6.23076924,8.30769231,0.75,0,0.13043478,0.17391304,-0.04347826,0.27777778,2.07692308,0.33333333,0.6,5.1893540816632076,6.897472624526687,8110
2022,"Paolo Espino","WSN",83.2,368,7.20717131,2.0438247,3.52631579,2.36653386,0.18206522,0.05163043,0.13043479,0.30116959,1.45816733,0.31395349,0.71888412,5.682152121663208,4.22782148575471,8246
2022,"Justin Verlander","HOU",175,666,9.51428571,1.49142857,6.37931034,0.61714286,0.27777778,0.04354354,0.23423424,0.1856,0.82857143,0.23963134,0.804769,2.4895738616632084,3.230781258600099,8700
2022,"Wade Miley","CHC",35,152,7.2,3.6,2,0.77142857,0.18421053,0.09210526,0.09210527,0.22962963,1.28571429,0.26666667,0.63084112,3.9981452916632083,4.279636439681053,8779
2022,"Nathan Eovaldi","BOS",109.1,460,8.47865854,1.64634146,5.15,1.72865854,0.22391304,0.04347826,0.18043478,0.26436782,1.2347561,0.2984127,0.75984991,4.301455391663208,3.456379787797918,9132
2022,"Patrick Corbin","WSN",152.2,713,7.54585153,2.88864629,2.6122449,1.59170306,0.17952314,0.0687237,0.11079944,0.32061069,1.69650655,0.36454183,0.64417178,4.835138421663208,4.213548295644338,9323
2022,"Dallas Keuchel","3 Tms",60.2,303,6.67582418,4.5989011,1.4516129,1.63186813,0.14851485,0.10231023,0.04620462,0.34944238,2.06043956,0.38425926,0.51094891,5.519024411663208,4.723589933223021,9434
2022,"Joe Kelly","CHW",1,7,18,18,1,0,0.28571429,0.28571429,0,0.4,4,0.66666667,0.5,5.112431001663208,6.592800405621529,9761
2022,"Garrett Richards","TEX",3,14,9,6,1.5,3,0.21428571,0.14285714,0.07142857,0.33333333,2,0.375,0.86956522,7.445764331663209,4.099343937635423,9784
2022,"Miles Mikolas","STL",199.1,793,6.90802676,1.76086957,3.92307692,1.12876254,0.19293821,0.04918033,0.14375788,0.22598106,1.03344482,0.24912281,0.74576271,3.8850062516632082,3.777024953905705,9803
2022,"Mike Minor","CIN",98,455,6.97959184,3.67346939,1.9,2.20408163,0.16703297,0.08791209,0.07912088,0.2962963,1.63265306,0.31168831,0.71214393,6.183859571663208,5.205634399397033,10021
2022,"Kyle Gibson","PHI",167.2,718,7.72962227,2.57654076,3,1.28827038,0.2005571,0.06685237,0.13370473,0.26829268,1.3359841,0.30831643,0.67703109,4.275452871663208,3.942076569548043,10123
2022,"Stephen Strasburg","WSN",4.2,23,9.64285714,3.85714285,2.5,1.92857143,0.2173913,0.08695652,0.13043478,0.4,2.14285714,0.5,0.41666667,5.683859571663208,4.484255362067248,10131
2022,"Zack Wheeler","PHI",153,607,9.58823529,2,4.79411765,0.76470588,0.26853377,0.05601318,0.21252059,0.22123894,1.03921569,0.28717949,0.77131258,2.8902087816632083,3.0628150625945696,10310
2022,"Erasmo Ramirez","WSN",6,28,9,3,3,4.5,0.21428571,0.07142857,0.14285714,0.28,1.5,0.25,0.68965517,9.112431001663209,5.079713341593743,10314
2022,"Mychal Givens","NYM",1,4,0,0,0,0,0,0,0,0.25,1,0.25,1,3.112431001663208,4.592800405621529,10430
2022,"Scott Alexander","SFG",4.1,17,4.15384616,0,2,0,0.11764706,0,0.11764706,0.17647059,0.69230769,0.2,1,2.1893540816632084,2.5309777867447796,10591
2022,"Chris Sale","BOS",5.2,25,7.94117647,1.58823529,5,0,0.2,0.04,0.16,0.2173913,1.05882353,0.27777778,0.57142857,2.4065486516632086,3.190273627242412,10603
2022,"Andrew Bellatti","PHI",1,5,18,9,2,0,0.4,0.2,0.2,0.5,3,1,0.33333333,2.112431001663208,3.592800405621529,10657
2022,"Drew Hutchison","DET",89.2,392,5.3197026,3.01115242,1.76666667,1.40520446,0.13520408,0.07653061,0.05867347,0.28412256,1.47211896,0.3003413,0.74300699,5.030646611663208,4.849992784981499,10732
2022,"Jacob deGrom","NYM",64.1,239,14.26943005,1.11917098,12.75,1.25906736,0.42677824,0.0334728,0.39330544,0.17467249,0.74611399,0.25833333,0.73446328,2.133156391663208,1.5340824794538275,10954
2022,"Merrill Kelly","ARI",200.1,804,7.95174709,2.74043261,2.90163934,0.94342762,0.22014925,0.07587065,0.1442786,0.22598106,1.13810316,0.26887661,0.76271186,3.651532501663208,3.855384314350265,11156
2022,"Vince Velasquez","CHW",39.1,173,8.00847458,3.43220339,2.33333333,1.83050847,0.20231214,0.0867052,0.11560694,0.25477707,1.39830508,0.28070175,0.71428571,5.197176761663208,4.660753543023217,11189
2022,"Jose Quintana","2 Tms",165.2,679,7.44265594,2.55331992,2.91489362,0.43460765,0.2017673,0.06921944,0.13254786,0.24600639,1.21327968,0.30165289,0.74170124,2.991706651663208,3.722186430634831,11423
2022,"Robbie Ray","SEA",189,775,10.0952381,2.95238095,3.41935484,1.52380952,0.27354839,0.08,0.19354839,0.23120567,1.19047619,0.28354978,0.81196581,4.165341051663209,3.5778071774061395,11486
2022,"Aaron Sanchez","2 Tms",44,201,6.13636364,2.45454545,2.5,1.22727273,0.14925373,0.05970149,0.08955224,0.3480663,1.70454545,0.38255034,0.60906516,4.612431001663208,4.2864283737133855,11490
2022,"Jose Urena","COL",89.1,396,6.04477612,3.82835821,1.57894737,1.00746269,0.15151515,0.0959596,0.05555555,0.28895184,1.56716418,0.32055749,0.66141732,4.534072791663208,4.454266753898433,11589
2022,"Jameson Taillon","NYY",177.1,728,7.66353383,1.62406015,4.71875,1.31954887,0.20741758,0.04395604,0.16346154,0.24561404,1.12781955,0.27626459,0.75326216,3.9413783716632085,3.7884323635062573,11674
2022,"Drew Smyly","CHC",106.1,447,7.70219436,2.20062696,3.5,1.35423197,0.20357942,0.05816555,0.14541387,0.24337349,1.19435737,0.27508091,0.78467153,4.231553261663207,4.18275020240795,11760
2022,"Noah Syndergaard","2 Tms",132.2,557,6.30904523,2.10301508,3,0.94974874,0.16696589,0.0556553,0.11131059,0.26112186,1.25125628,0.29156627,0.71808511,3.873737531663208,4.320724063280132,11762
2022,"Taijuan Walker","NYM",157.1,649,7.55084746,2.57415254,2.93333333,0.85805085,0.20338983,0.06933744,0.13405239,0.23993289,1.19491525,0.28381375,0.75722543,3.6463293116632083,3.884155555205764,11836
2022,"Kyle Hendricks","CHC",84.1,356,7.04347826,2.56126482,2.75,1.60079051,0.18539326,0.06741573,0.11797753,0.25993884,1.29249012,0.28225806,0.73626374,4.819940881663208,4.456158319969761,12049
2022,"Chris Bassitt","NYM",181.2,745,8.2733945,2.42752294,3.40816327,0.9412844,0.22416107,0.06577181,0.15838926,0.23382353,1.14495413,0.28169014,0.77160494,3.657385131663208,3.7156472014067146,12304
2022,"Jerad Eickhoff","PIT",4.1,27,8.30769231,2.07692308,4,4.15384616,0.14814815,0.03703704,0.11111111,0.45454545,2.53846154,0.47058824,0.35714286,10.035507931663208,6.426873887530066,12664
2022,"Adrian Houser","MIL",100.2,448,5.99006622,4.20198675,1.42553191,0.71523179,0.14955357,0.10491071,0.04464286,0.25954198,1.48013245,0.29012346,0.60801144,4.274682661663208,4.697430051198875,12718
2022,"Nick Martinez","SDP",52.1,230,8.08280255,4.6433121,1.74074074,1.5477707,0.20434783,0.1173913,0.08695653,0.26865672,1.5477707,0.30821918,0.82132565,5.157016991663208,4.364001185218232,12730
2022,"Sonny Gray","MIN",119.2,488,8.7994429,2.70752089,3.25,0.82729805,0.2397541,0.07377049,0.16598361,0.2244898,1.1281337,0.27672956,0.77229299,3.404910111663208,3.6573047085822106,12768
2022,"John Brebbia","SFG",11,43,5.72727273,0.81818182,7,0,0.1627907,0.02325581,0.13953489,0.24390244,1,0.29411765,0.91666667,2.385158271663208,4.4038438252427365,12777
2022,"Matt Wisler","TBR",7.2,28,7.04347826,2.34782609,3,1.17391304,0.21428571,0.07142857,0.14285714,0.15384615,0.7826087,0.15789474,0.86956522,4.025474481663208,4.0676472580685346,12804
2022,"Mike Clevinger","SDP",112.1,475,7.1305638,2.8041543,2.54285714,1.60237389,0.18736842,0.07368421,0.11368421,0.22716628,1.17507418,0.23987539,0.77192982,5.044181741663208,4.8118229823553085,12808
2022,"Shawn Armstrong","TBR",7.2,27,7.04347826,1.17391304,6,1.17391304,0.22222222,0.03703704,0.18518518,0.19230769,0.7826087,0.21052632,1,3.6341701316632085,2.710884603903004,12857
2022,"Tyler Anderson","LAD",170.2,677,6.85546875,1.79296875,3.82352941,0.73828125,0.19202363,0.05022157,0.14180206,0.22416534,1.02539062,0.25813008,0.7820197,3.376102871663208,4.165941074574745,12880
2022,"Dylan Bundy","MIN",140,595,6.04285714,1.8,3.35714286,1.54285714,0.15798319,0.04705882,0.11092437,0.27060932,1.27857143,0.28475336,0.69407008,4.662431001663208,4.696709947713784,12917
2022,"Joe Musgrove","SDP",181,740,9.14917127,2.08839779,4.38095238,1.09392265,0.24864865,0.05675676,0.19189189,0.22680412,1.08287293,0.27615063,0.79799107,3.587569121663208,3.471470356959006,12970
2022,"Anthony DeSclafani","SFG",19,94,8.05263158,1.89473684,4.25,1.89473684,0.18085106,0.04255319,0.13829787,0.4,2,0.44117647,0.53892216,4.849273111663209,4.138199659711436,13050
2022,"Yu Darvish","SDP",194.2,771,9.10787671,1.71061644,5.32432432,1.01712329,0.25551232,0.04798962,0.2075227,0.20699301,0.95034247,0.25049702,0.78219013,3.312773471663208,3.5774527008119086,13074
2022,"Gerrit Cole","NYY",200.2,793,11.52657807,2.24252492,5.14,1.48006645,0.32408575,0.0630517,0.26103405,0.20867209,1.0166113,0.26829268,0.78222778,3.4662516016632083,2.7743200540400745,13125
2022,"Eduardo Rodriguez","DET",91,391,7.12087912,3.36263736,2.11764706,1.18681319,0.18414322,0.08695652,0.0971867,0.24715909,1.32967033,0.27675277,0.69679849,4.431112321663208,4.40867735343975,13164
2022,"Zach Davies","ARI",134.1,570,6.8337469,3.48387097,1.96153846,1.40694789,0.17894737,0.09122807,0.0877193,0.24063116,1.29528536,0.25699746,0.75034106,4.8320339816632085,4.574015175674337,13183
2022,"Ross Stripling","TOR",123.1,486,7.2972973,1.02162162,7.14285714,0.8027027,0.20576132,0.02880658,0.17695474,0.22863248,0.98108108,0.26740947,0.74349442,3.0394580316632083,3.5964268781576934,13273
2022,"Adrian Sampson","CHC",98.2,408,6.2027027,2.46283784,2.51851852,0.91216216,0.16666667,0.06617647,0.1004902,0.2585752,1.26689189,0.2923588,0.78761062,3.933376951663208,4.491277374874633,13339
2022,"Luis Cessa","CIN",44,181,6.34090909,2.65909091,2.38461538,1.63636364,0.17127072,0.0718232,0.09944752,0.24698795,1.22727273,0.2578125,0.75342466,5.021521911663208,4.407413024523041,13345
2022,"Steven Matz","STL",42.2,186,10.7578125,1.8984375,5.66666667,1.6875,0.27419355,0.0483871,0.22580645,0.26857143,1.3125,0.3362069,0.66239316,3.9327435016632086,3.0218744495023016,13361
2022,"Marcus Stroman","CHC",138.2,569,7.72355769,2.33653846,3.30555556,1.03846154,0.20913884,0.06326889,0.14586995,0.23428571,1.14663462,0.2715736,0.7254623,3.761469461663208,3.4891796659945857,13431
2022,"Daniel Norris","2 Tms",11,50,4.90909091,5.72727273,0.85714286,0,0.12,0.14,-0.02,0.20512821,1.36363636,0.24242424,0.78947368,5.021521911663208,5.963575167818503,13475
2022,"Blake Snell","SDP",128,535,12.0234375,3.5859375,3.35294118,0.7734375,0.31962617,0.0953271,0.22429907,0.21638655,1.203125,0.30666667,0.74679943,2.799931001663208,3.2093744494952263,13543
2022,"Jakob Junis","SFG",84,365,7.60714286,2.03571429,3.73684211,1.28571429,0.19452055,0.05205479,0.14246576,0.27272727,1.33333333,0.31274131,0.69556452,4.100526241663208,3.882363794140873,13619
2022,"Max Fried","ATL",185.1,733,8.25539568,1.55395683,5.3125,0.58273381,0.2319236,0.04365621,0.18826739,0.22543353,1.01438849,0.27961165,0.78196347,2.702359061663208,3.090723563944731,13743
2022,"Chris Stratton","PIT",2.1,9,0,0,0,0,0,0,0,0.22222222,0.85714286,0.22222222,0.5,3.112431001663208,6.91909518870841,13761
2022,"JT Chargois","TBR",4,17,6.75,0,3,2.25,0.17647059,0,0.17647059,0.29411765,1.25,0.30769231,0.55555556,4.862431001663208,4.573169809579849,13767
2022,"Zach Eflin","PHI",68,285,7.41176471,1.98529412,3.73333333,1.05882353,0.19649123,0.05263158,0.14385965,0.25095057,1.19117647,0.28712871,0.66395664,3.8330192416632083,4.0016782591448115,13774
2022,"Alex Wood","SFG",130.2,555,9.02295918,2.06632653,4.36666667,1.17091837,0.23603604,0.05405405,0.18198199,0.26190476,1.23979592,0.31506849,0.6391478,3.7629412016632084,3.408478881760874,13781
2022,"Alec Mills","CHC",3,17,6,3,2,9,0.11764706,0.05882353,0.05882353,0.46666667,2.66666667,0.4,0.83333333,16.77909767166321,7.233292944232623,13834
2022,"Chris Flexen","SEA",121,522,6.17355372,3.27272727,1.88636364,1.26446281,0.15900383,0.08429119,0.07471264,0.25792812,1.37190083,0.27925532,0.79056865,4.707472321663208,5.046525088445215,13896
2022,"Michael Wacha","BOS",127.1,515,7.35078534,2.19109948,3.35483871,1.27225131,0.20194175,0.06019417,0.14174758,0.23319328,1.11518325,0.25977654,0.80298013,4.141226811663208,3.989291448602051,14078
2022,"Kevin Gausman","TOR",174.2,725,10.5629771,1.44274809,7.32142857,0.77290076,0.28275862,0.03862069,0.24413793,0.27246377,1.23664122,0.36344538,0.73979592,2.379606571663208,2.754864294208187,14107
2022,"Lance McCullers Jr.","HOU",47.2,195,9.44055944,4.15384615,2.27272727,0.75524476,0.25641026,0.11282051,0.14358975,0.21511628,1.23776224,0.27731092,0.88014981,3.4900533816632087,3.5792989180728583,14120
2022,"Jose Berrios","TOR",172,753,7.79651163,2.35465116,3.31111111,1.51744186,0.19787517,0.05976096,0.13811421,0.28757225,1.41860465,0.32755299,0.70895522,4.548477511663208,4.207078803122736,14168
2022,"Frankie Montas","2 Tms",144.1,608,8.85450346,2.6812933,3.30232558,1.12240185,0.23355263,0.07072368,0.16282895,0.24909091,1.24711316,0.29824561,0.70895522,3.784486431663208,3.6094200498489584,14309
2022,"Ty Blach","COL",3,15,0,3,0,0,0,0.06666667,-0.06666667,0.46153846,2.33333333,0.42857143,0.71428571,4.112431001663209,6.579713341593743,14361
2022,"Tyler Glasnow","TBR",6.2,26,13.49999999,2.7,5,1.35,0.38461538,0.07692308,0.3076923,0.16666667,0.9,0.23076923,1,2.9624310016632083,2.566818876092251,14374
2022,"Jackson Stephens","ATL",3,15,0,6,0,0,0,0.13333333,-0.13333333,0.38461538,2.33333333,0.38461538,0.57142857,5.112431001663209,6.59280040562153,14420
2022,"Hyun Jin Ryu","TOR",27,113,5.33333333,1.33333333,4,1.66666667,0.14159292,0.03539823,0.10619469,0.29357798,1.33333333,0.30681818,0.65517241,4.779097671663208,4.235859139981093,14444
2022,"Chi Chi Gonzalez","3 Tms",19.2,84,5.49152542,2.74576271,2,1.83050847,0.14285714,0.07142857,0.07142857,0.30769231,1.52542373,0.32258065,0.69672131,5.451414051663209,4.538625728084601,14663
2022,"Duane Underwood Jr.","PIT",1,5,9,0,1,0,0.2,0,0.2,0.5,2,0.5,0.5,1.1124310016632082,2.592800405621529,14677
2022,"Anthony Banda","TOR",0.1,4,0,27.00000027,0,0,0,0.25,-0.25,0.66666667,9.00000009,0.66666667,0.33333333,12.112431091663208,12.11243109166321,14706
2022,"Paul Blackburn","OAK",111.1,467,7.19461078,2.4251497,2.96666667,1.21257485,0.19057816,0.06423983,0.12633833,0.25522042,1.25748503,0.28963415,0.74193548,4.208239381663208,3.892789345646141,14739
2022,"Julio Urias","LAD",175,689,8.53714286,2.10857143,4.04878049,1.18285714,0.24092888,0.05950653,0.18142235,0.19874804,0.96,0.22907489,0.86647727,3.7124310016632083,3.8056806190524783,14765
2022,"Michael Lorenzen","LAA",97.2,411,7.8327645,4.05460751,1.93181818,1.01365188,0.20681265,0.10705596,0.09975669,0.22375691,1.27986348,0.26217228,0.71302817,4.3103832216632085,4.1952249635950984,14843
2022,"Caleb Smith","ARI",1,9,18,27,0.66666667,18,0.22222222,0.33333333,-0.11111111,0.33333333,5,0,0,34.11243100166321,11.073169809579849,14875
2022,"Jon Gray","TEX",127.1,521,9.47120419,2.7565445,3.43589744,1.20157068,0.2571977,0.07485605,0.18234165,0.22245763,1.13089005,0.27076923,0.70522979,3.8035304816632083,3.463040911161903,14916
2022,"Chad Kuhl","COL",137,617,7.22627737,3.81021898,1.89655172,1.64233577,0.17828201,0.09400324,0.08427877,0.28388278,1.55474453,0.31026253,0.69398907,5.258416401663208,4.777136444675661,14975
2022,"German Marquez","COL",181.2,779,7.43119266,3.12110092,2.38095238,1.48623853,0.19255456,0.08087291,0.11168165,0.26278409,1.36513761,0.29135338,0.68095238,4.714265861663208,4.017967261671809,15038
2022,"Austin Voth","BAL",76.1,318,7.89956332,2.47598253,3.19047619,1.06113537,0.21069182,0.06603774,0.14465408,0.24567474,1.20524017,0.28440367,0.8131068,3.8329550216632082,4.297732948540824,15047
2022,"Luke Farrell","CHC",6.1,27,7.10526316,0,5,2.84210526,0.18518519,0,0.18518519,0.2962963,1.2631579,0.3,0.96153846,5.638746791663208,3.870909008312387,15101
2022,"Jimmy Yacabonis","TBR",1,5,0,9,0,0,0,0.2,-0.2,0.25,2,0.25,0.5,6.112431001663208,10.55353921353817,15157
2022,"Austin Pruitt","OAK",5,17,3.6,0,2,0,0.11764706,0,0.11764706,0,0,0,1,2.3124310016632084,4.088874286413193,15290
2022,"Andrew Heaney","LAD",64.2,277,13.5,2.50515464,5.38888889,1.80927835,0.35018051,0.06498195,0.28519856,0.20967742,1.08247423,0.27857143,0.78947368,3.978410381663208,2.921685426453955,15423
2022,"Mike Mayers","LAA",14.2,63,7.36363636,3.68181818,2,1.84090909,0.19047619,0.0952381,0.09523809,0.24561404,1.36363636,0.26190476,0.69620253,5.362431001663208,4.318288532980045,15451
2022,"Nick Pivetta","BOS",179.2,773,8.76623377,3.6567718,2.39726027,1.35250464,0.22639069,0.09443726,0.13195343,0.25325615,1.38033395,0.30020284,0.7527881,4.420408741663208,4.263009091045835,15454
2022,"Marco Gonzales","SEA",183,783,5.06557377,2.45901639,2.06,1.47540984,0.13154534,0.06385696,0.06768838,0.27057183,1.33333333,0.27655987,0.73684211,5.052321711663208,4.895000043006543,15467
2022,"Lucas Giolito","CHW",161.2,698,9.85360825,3.39587629,2.90163934,1.33608247,0.25358166,0.08739255,0.16618911,0.27229299,1.43505155,0.34027778,0.71146245,4.058822751663208,3.6581321797614796,15474
2022,"Antonio Senzatela","COL",92.1,413,5.26353791,2.24187726,2.34782609,0.87725632,0.13075061,0.05569007,0.07506054,0.34908136,1.68953069,0.38271605,0.70355191,4.054669271663208,4.0701517849107685,15488
2022,"Mark Leiter Jr.","CHC",14.1,65,6.90697675,4.39534884,1.57142857,3.13953488,0.16923077,0.10769231,0.06153846,0.27272727,1.53488372,0.25,0.64705882,7.996151931663208,5.217055178940431,15551
2022,"Luis Castillo","2 Tms",150.1,615,9.99778271,2.6940133,3.71111111,0.77827051,0.27154472,0.07317073,0.19837399,0.21184919,1.08425721,0.27486911,0.7526178,3.0725196916632083,3.2284932356873894,15689
2022,"Brad Keller","KCR",122.1,531,6.10626703,3.45776567,1.76595745,1.17711172,0.15630885,0.08851224,0.06779661,0.26834382,1.43051771,0.2924282,0.67270375,4.657390131663208,4.3971500131781065,15734
2022,"Sean Manaea","SDP",153,652,8.88235294,2.94117647,3.02,1.70588235,0.23159509,0.07668712,0.15490797,0.25589226,1.32026144,0.29285714,0.67319461,4.622234921663209,3.986874252304532,15873
2022,"Luis Severino","NYY",102,405,9.88235294,2.64705882,3.73333333,1.23529412,0.27654321,0.07407407,0.20246914,0.19565217,1,0.23673469,0.79861111,3.7006662916632083,3.3822085487199764,15890
2022,"Zach Thompson","PIT",102.1,456,6.68403909,3.60586319,1.85365854,1.67100977,0.16666667,0.08991228,0.07675439,0.27669903,1.51465798,0.29874214,0.71319018,5.301356081663208,4.507884160438291,16094
2022,"Chris Ellis","BAL",4.1,25,4.15384616,12.46153847,0.33333333,0,0.08,0.24,-0.16,0.27777778,2.53846154,0.3125,0.58333333,7.035507931663208,8.743626472100651,16125
2022,"Carlos Rodon","SFG",178,710,11.98314607,2.62921348,4.55769231,0.60674157,0.33380282,0.07323944,0.26056338,0.201849,1.02808989,0.29310345,0.75059102,2.2528804416632084,2.9067454417100116,16137
2022,"Aaron Nola","PHI",205,807,10.31707317,1.27317073,8.10344828,0.83414634,0.29120198,0.03593556,0.25526642,0.21932115,0.96097561,0.28932039,0.73021182,2.5807236816632084,2.769559269780066,16149
2022,"Brandon Woodruff","MIL",153.1,620,11.15217391,2.46521739,4.52380952,1.05652174,0.30645161,0.06774194,0.23870967,0.21478873,1.06956522,0.28493151,0.78581363,3.0798223016632083,3.137086972853948,16162
2022,"Kyle Freeland","COL",174.2,766,6.75,2.73091603,2.47169811,0.97900763,0.17101828,0.0691906,0.10182768,0.28093159,1.40839695,0.31809872,0.70518267,4.211667641663208,4.484149578284201,16256
2022,"John Means","BAL",8,34,7.875,2.25,3.5,0,0.20588235,0.05882353,0.14705882,0.25806452,1.25,0.32,0.7,2.112431001663208,3.777846581116319,16269
2022,"Jesus Tinoco","TEX",3,14,12,6,2,3,0.28571429,0.14285714,0.14285715,0.25,1.66666667,0.28571429,1,6.779097671663209,4.9130466749270765,16300
2022,"Tyler Mahle","2 Tms",120.2,503,9.39779006,3.20718232,2.93023256,1.19337017,0.25049702,0.08548708,0.16500994,0.2300885,1.21823204,0.27848101,0.69510269,3.8665746516632082,4.032128970301711,16358
2022,"Reynaldo Lopez","CHW",2,7,13.5,0,3,0,0.42857143,0,0.42857143,0.14285714,0.5,0.25,1,0.11243100166320819,0.8526157036423685,16400
2022,"Yonny Chirinos","TBR",4,16,4.5,0,2,0,0.125,0,0.125,0.2,0.75,0.23076923,1,2.862431001663208,3.6026157036423685,16401
2022,"Ryan Yarbrough","TBR",40.1,176,7.36363636,2.45454545,3,0.66942149,0.1875,0.0625,0.125,0.25477707,1.26446281,0.30327869,0.65055762,3.781852491663208,4.760189144190899,16502
2022,"Jordan Montgomery","2 Tms",178.1,724,7.97383178,1.81682243,4.38888889,1.05981308,0.21823204,0.04972376,0.16850828,0.23485968,1.09345794,0.2754491,0.75460829,3.611496421663208,3.425439469546355,16511
2022,"Austin Gomber","COL",87.2,377,6.98098859,2.56653992,2.72,1.33460076,0.18037135,0.066313,0.11405835,0.29190751,1.43726236,0.32713755,0.6284153,4.412811231663208,4.241234248901642,16561
2022,"Erik Swanson","SEA",2,6,4.5,0,1,0,0.16666667,0,0.16666667,0,0,0,1,2.112431001663208,3.592800405621529,16587
2022,"J.P. Feyereisen","TBR",4,12,11.25,0,5,0,0.41666667,0,0.41666667,0,0,0,1,0.6124310016632082,2.832985107600689,16610
2022,"Julian Merryweather","TOR",1,5,9,0,1,0,0.2,0,0.2,0.4,2,0.5,0.5,1.1124310016632082,2.592800405621529,16703
2022,"Luke Weaver","ARI",3.2,22,12.27272726,2.45454545,5,2.45454545,0.22727273,0.04545455,0.18181818,0.47619048,3,0.6,0.20833333,4.748794631663208,2.8182885335215055,16918
2022,"Touki Toussaint","LAA",7.2,33,10.56521739,7.04347826,1.5,0,0.27272727,0.18181818,0.09090909,0.19230769,1.43478261,0.29411765,0.66666667,3.503735351663208,4.662285317130653,16929
2022,"Elieser Hernandez","MIA",46.2,207,7.90714286,2.50714286,3.15384615,2.7,0.19806763,0.06280193,0.1352657,0.26595745,1.35,0.26470588,0.66810345,6.283859571663208,5.016802298567338,16933
2022,"Sean Newcomb","CHC",3,13,3,0,1,3,0.07692308,0,0.07692308,0.38461538,1.66666667,0.36363636,0.83333333,6.779097671663209,4.9130466749270765,16943
2022,"Trevor Williams","NYM",38.2,159,6.75,1.86206897,3.625,1.86206897,0.18238994,0.05031447,0.13207547,0.26,1.21551724,0.27433628,0.81521739,5.000362031663208,4.3781193070820965,16977
2022,"Daniel Mengden","KCR",2.2,14,6.74999999,3.375,2,3.375,0.14285714,0.07142857,0.07142857,0.38461538,2.25,0.4,0.65217391,7.612430991663208,4.4028465795033,16980
2022,"Tyler Beede","PIT",15,78,7.8,6,1.3,1.8,0.16666667,0.12820513,0.03846154,0.31818182,2.06666667,0.36,0.55555556,6.379097671663208,5.851614833871524,16981
2022,"Pablo Lopez","MIA",180,736,8.7,2.65,3.28301887,1.05,0.23641304,0.07201087,0.16440217,0.23397914,1.16666667,0.28333333,0.74231177,3.7124310016632083,3.5609938964247707,17085
2022,"Austin Davis","BOS",6.1,22,11.36842106,2.84210526,4,0,0.36363636,0.09090909,0.27272727,0.05,0.47368421,0.08333333,1,1.5334836316632081,2.468453782771633,17117
2022,"Domingo German","NYY",70.2,291,7.13207547,2.29245283,3.11111111,1.4009434,0.19243986,0.06185567,0.13058419,0.23791822,1.16037736,0.26237624,0.77903683,4.485072511663208,4.304966485781469,17149
2022,"Gabe Speier","KCR",2,6,4.5,0,1,0,0.16666667,0,0.16666667,0,0,0,1,2.112431001663208,4.332985107600689,17170
2022,"Jalen Beeks","TBR",12.2,56,9.94736842,3.55263158,2.8,0.71052632,0.25,0.08928571,0.16071429,0.26530612,1.42105263,0.35294118,0.86021505,3.5861152116632082,3.9622546472948215,17192
2022,"Ranger Suarez","PHI",155.1,662,7.47424893,3.36051502,2.22413793,0.86909871,0.19486405,0.08761329,0.10725076,0.24916388,1.33261803,0.29257642,0.71808511,3.865649881663208,3.8206300207945434,17277
2022,"Michael Kopech","CHW",119.1,494,7.91899441,4.29888268,1.84210526,1.13128492,0.21255061,0.11538462,0.09716599,0.1981352,1.18994413,0.22292994,0.74193548,4.495112561663208,4.833481855588709,17282
2022,"Justus Sheffield","SEA",5,28,7.2,7.2,1,1.8,0.14285714,0.14285714,0,0.31818182,2.2,0.33333333,0.66037736,7.112431001663208,5.992800405621528,17285
2022,"Framber Valdez","HOU",201.1,827,8.67218543,2.99503311,2.89552239,0.49172185,0.23458283,0.08101572,0.15356711,0.22281879,1.15728477,0.28492647,0.7567804,3.057795241663208,2.9945792179609203,17295
2022,"Justin Steele","CHC",119,512,9.52941176,3.78151261,2.52,0.60504202,0.24609375,0.09765625,0.1484375,0.24449339,1.35294118,0.31692308,0.72643979,3.2048679716632082,3.4754056669082964,17312
2022,"Brett Martin","TEX",1,5,0,18,0,0,0,0.4,-0.4,0.33333333,3,0.33333333,1,9.112431001663207,9.112431001663207,17369
2022,"Erick Fedde","WSN",127,573,6.66141732,4.11023622,1.62068966,1.48818898,0.16404887,0.10122164,0.06282723,0.29330709,1.62992126,0.32,0.69256757,5.1518010816632085,4.739006129141868,17425
2022,"Jeff Hoffman","CIN",1.2,7,16.19999997,0,3,0,0.42857143,0,0.42857143,0.16666667,0.6,0.33333333,1,1.3124310016632081,2.2006526458617572,17432
2022,"Jack Flaherty","STL",35,164,8.22857143,5.65714286,1.45454545,1.02857143,0.19512195,0.13414634,0.06097561,0.25735294,1.62857143,0.30693069,0.78014184,5.083859571663208,5.036218422651292,17479
2022,"Spenser Watkins","BAL",95,407,5.49473684,2.46315789,2.23076923,0.94736842,0.14250614,0.06388206,0.07862408,0.26133333,1.30526316,0.28478964,0.70175439,4.207167841663209,4.630772911718017,17489
2022,"Jimmy Herget","LAA",3,10,6,0,2,0,0.2,0,0.2,0.1,0.33333333,0.125,0,1.7790976716632085,2.272554136315982,17556
2022,"JT Brubaker","PIT",144,646,9.1875,3.375,2.72222222,1.0625,0.22755418,0.08359133,0.14396285,0.27068966,1.46527778,0.33412888,0.68807339,3.9179865616632084,3.873914082037906,17578
2022,"Mitch Keller","PIT",153,660,7.76470588,3.35294118,2.31578947,0.82352941,0.2,0.08636364,0.11363636,0.26279863,1.37908497,0.31390135,0.72628458,3.909816621663208,3.9684287344123805,17594
2022,"Cristian Javier","HOU",134.1,531,11.59057072,3.28287841,3.53061224,1.0719603,0.32580038,0.09227872,0.23352166,0.17052632,0.96774194,0.22491349,0.82437276,3.268758541663208,3.604811905473487,17606
2022,"Jeffrey Springs","TBR",125,513,9.576,2.016,4.75,1.008,0.25925926,0.0545809,0.20467836,0.22916667,1.104,0.28486647,0.81239531,3.136431001663208,3.3266017788648607,17677
2022,"Nabil Crismatt","SDP",3,11,12,9,1.33333333,0,0.36363636,0.27272727,0.09090909,0.11111111,1.33333333,0.25,1,3.4457643316632085,3.939220802982649,17732
2022,"Tyler Alexander","DET",80,346,5.85,2.475,2.36363636,1.9125,0.15028902,0.06358382,0.0867052,0.28391167,1.4,0.28740157,0.65022422,5.437431001663208,4.821466637402773,17735
2022,"Nestor Cortes","NYY",158.1,615,9.26526316,2.16,4.28947368,0.90947368,0.26504065,0.06178862,0.20325203,0.18881119,0.92210526,0.23232323,0.82802548,3.125062581663208,3.6345701623386586,17874
2022,"Dennis Santana","TEX",2,9,13.5,9,1.5,0,0.33333333,0.22222222,0.11111111,0.14285714,1.5,0.25,0.66666667,3.112431001663208,3.8526157036423685,17878
2022,"Tyler Gilbert","ARI",31.1,134,4.88297872,2.58510638,1.88888889,2.0106383,0.12686567,0.06716418,0.05970149,0.25619835,1.27659574,0.24,0.67307692,5.8890267416632085,5.205325533355253,17964
2022,"Logan Webb","SFG",192.1,787,7.62738302,2.29289428,3.32653061,0.51473137,0.20711563,0.06226175,0.14485388,0.23966942,1.15944541,0.29263914,0.71761417,3.0344414016632086,3.314627521908255,17995
2022,"Triston McKenzie","CLE",188.1,729,9.03185841,2.00707965,4.5,1.19469027,0.25925926,0.05761317,0.20164609,0.20029455,0.94513274,0.23717949,0.81081081,3.579687641663208,3.724791628977128,18000
2022,"Josh Sborz","TEX",1,4,0,0,0,0,0,0,0,0.25,1,0.25,1,3.112431001663208,6.073169809579849,18323
2022,"Taylor Hearn","TEX",59,278,8.23728814,4.27118644,1.92857143,1.37288136,0.1942446,0.10071942,0.09352518,0.30487805,1.74576271,0.35869565,0.68522484,4.841244561663208,4.63965519964695,18325
2022,"James Kaprielian","OAK",134,577,6.58208955,3.96268657,1.66101695,1.07462687,0.16984402,0.10225303,0.06759099,0.23865878,1.34328358,0.26315789,0.7195572,4.634819061663208,5.060088638294099,18331
2022,"Alex Young","SFG",0.2,6,0,26.99999987,0,0,0,0.33333333,-0.33333333,0.33333333,4.49999998,0.25,0,12.112430961663208,16.55353914633263,18333
2022,"Jaime Barria","LAA",4.2,21,5.78571428,7.71428571,0.75,1.92857143,0.14285714,0.19047619,-0.04761905,0.1875,1.5,0.15384615,0.89285714,7.183859571663208,6.618699390810498,18356
2022,"Connor Overton","CIN",24.2,89,3.64864865,2.55405405,1.42857143,0,0.11235955,0.07865169,0.03370786,0.18518519,0.89189189,0.20833333,0.77272727,3.152971541663208,4.713360913727258,18376
2022,"Scott Effross","CHC",1.1,7,0,0,0,0,0,0,0,0.28571429,1.5,0.28571429,0,3.112431001663208,6.443262168896507,18384
2022,"Jose Urquidy","HOU",162.1,671,7.37371663,1.99589322,3.69444444,1.49691992,0.19821162,0.05365127,0.14456035,0.24437299,1.15811088,0.26709402,0.78244275,4.430706151663208,4.274738612801021,18413
2022,"Josh Rogers","WSN",14,60,4.5,3.21428571,1.4,1.92857143,0.11666667,0.08333333,0.03333334,0.25454545,1.35714286,0.24444444,0.74324324,5.969573861663209,5.510154350740569,18510
2022,"Dylan Cease","CHW",184,747,11.10326087,3.81521739,2.91025641,0.7826087,0.3038822,0.10441767,0.19946453,0.19004525,1.10869565,0.26004728,0.82340195,3.096126651663208,3.502379676424291,18525
2022,"Jake Woodford","STL",5.1,21,1.6875,1.6875,1,0,0.04761905,0.04761905,0,0.2,0.9375,0.21052632,0.8,3.299931001663208,4.965346582274391,18674
2022,"Freddy Peralta","MIL",76.1,308,9.7860262,3.06550218,3.19230769,0.58951965,0.26948052,0.08441558,0.18506494,0.18478261,1.00873362,0.2408377,0.7260274,2.9290248916632082,3.6677623264636456,18679
2022,"Sandy Alcantara","MIA",228.2,886,8.14723032,1.96793003,4.14,0.62973761,0.23363431,0.05643341,0.1772009,0.21219512,0.97959184,0.2615894,0.78822412,2.985608841663208,3.293084564098611,18684
2022,"Nick Neidert","MIA",5,20,5.4,0,3,1.8,0.15,0,0.15,0.25,1,0.25,0.83333333,4.512431001663208,3.688874286413193,18699
2022,"Cody Poteet","MIA",7.2,31,5.86956521,4.69565217,1.25,1.17391304,0.16129032,0.12903226,0.03225806,0.18518519,1.17391304,0.19047619,0.52631579,5.0689527416632085,4.531850534578668,18769
2022,"Dillon Peters","PIT",9,37,6,3,2,0,0.16216216,0.08108108,0.08108108,0.20588235,1.11111111,0.25,0.5,2.7790976716632083,4.259467072288196,18790
2022,"Tommy Nance","MIA",5,22,12.6,5.4,2.33333333,1.8,0.31818182,0.13636364,0.18181818,0.21052632,1.4,0.27272727,1,4.712431001663209,4.1849481672048565,19178
2022,"Robert Dugger","CIN",4,20,4.5,9,0.5,4.5,0.1,0.2,-0.1,0.25,2,0.16666667,0.57692308,11.612431001663207,9.55353921353817,19191
2022,"Dakota Hudson","STL",136.2,585,5.13658537,3.95121951,1.3,0.59268293,0.13333333,0.1025641,0.03076923,0.27416174,1.45609756,0.3030303,0.7011259,4.3416992916632084,4.796270254394994,19206
2022,"Mitch White","2 Tms",79.2,358,6.89121339,3.50209205,1.96774194,0.79079498,0.17039106,0.08659218,0.08379888,0.27160494,1.49372385,0.3151751,0.65647482,3.965987491663208,4.551858046391146,19225
2022,"Cole Irvin","OAK",181,741,6.36464088,1.79005525,3.55555556,1.24309392,0.17273954,0.048583,0.12415654,0.25108225,1.16022099,0.2733945,0.71428571,4.206353651663209,4.349157790271617,19244
2022,"Thomas Hatch","TOR",4.2,26,7.71428571,3.85714285,2,5.78571428,0.15384615,0.07692308,0.07692307,0.52173913,3,0.5625,0.46296296,11.68385957166321,4.595604775425216,19264
2022,"Justin Dunn","CIN",31,138,6.09677419,4.93548387,1.23529412,3.19354839,0.15217391,0.12318841,0.0289855,0.27586207,1.58064516,0.24418605,0.84699454,8.305979391663207,5.985261046501899,19268
2022,"T.J. Zeuch","CIN",10.2,64,4.21875,5.90625,0.71428571,4.21875,0.078125,0.109375,-0.03125,0.45283019,2.90625,0.43181818,0.59259259,11.081181001663207,7.2079851063208285,19269
2022,"Vladimir Gutierrez","CIN",35,168,7.2,5.65714286,1.27272727,1.8,0.16666667,0.13095238,0.03571429,0.30434783,1.82857143,0.33333333,0.66445183,6.512431001663208,6.154133241942951,19278
2022,"Zac Gallen","ARI",184,714,9.39130435,2.29891304,4.08510638,0.73369565,0.26890756,0.06582633,0.20308123,0.1858679,0.91304348,0.23660714,0.77987421,3.0472136116632083,3.31493617369105,19291
2022,"Trevor Richards","TOR",4.1,19,14.53846155,2.07692308,7,0,0.36842105,0.05263158,0.31578947,0.27777778,1.38461539,0.45454545,0.83333333,0.5739694616632081,1.9404642967232222,19309
2022,"Cal Quantrill","CLE",186.1,770,6.18246869,2.27012522,2.72340426,1.01431127,0.16623377,0.06103896,0.10519481,0.25356125,1.20751342,0.27836879,0.76361868,4.121375541663208,4.388212021701669,19312
2022,"Eric Lauer","MIL",158.2,661,8.90546218,3.34663866,2.66101695,1.53151261,0.23751891,0.0892587,0.14826021,0.22804054,1.22268908,0.25961538,0.79013906,4.498985621663208,4.078172129121896,19316
2022,"Daulton Jefferies","OAK",39.1,172,6.40677966,1.83050847,3.5,0.91525424,0.1627907,0.04651163,0.11627907,0.28571429,1.37288136,0.32307692,0.5952381,3.7734479516632082,4.333239566120464,19345
2022,"Caleb Ferguson","LAD",1,3,27,0,3,0,1,0,1,0,0,0,1,-2.887568998336792,-2.887568998336792,19349
2022,"Dean Kremer","BAL",120,488,6.3,2.4,2.625,0.825,0.17213115,0.06557377,0.10655738,0.26174497,1.24166667,0.29775281,0.78643579,3.829097671663208,4.4138742864131935,19350
2022,"Corbin Burnes","MIL",202,797,10.82673267,2.27227723,4.76470588,1.02475248,0.30489335,0.06398996,0.24090339,0.19699042,0.96534653,0.25910064,0.76791809,3.1371834816632087,2.8515409662434377,19361
2022,"Keegan Akin","BAL",2.1,10,15.42857145,3.85714286,4,0,0.4,0.1,0.3,0.22222222,1.28571429,0.4,0.33333333,0.969573851663208,2.872905949267442,19362
2022,"Walker Buehler","LAD",65,274,8.03076923,2.35384615,3.41176471,1.10769231,0.21167883,0.0620438,0.14963503,0.2627451,1.29230769,0.31216931,0.7486631,3.804738691663208,3.639558270115119,19374
2022,"Tony Gonsolin","LAD",130.1,498,8.2173913,2.4168798,3.4,0.75959079,0.23895582,0.07028112,0.1686747,0.17248908,0.87468031,0.20668693,0.83820663,3.2812289516632083,3.69470054689388,19388
2022,"Dane Dunning","TEX",153.1,671,8.04130435,3.63913043,2.20967742,1.17391304,0.20417288,0.0923994,0.11177348,0.26825127,1.43478261,0.31292517,0.74384236,4.449387521663208,4.02814031465593,19409
2022,"Shane Bieber","CLE",200,791,8.91,1.62,5.5,0.81,0.25031606,0.04551201,0.20480405,0.23025435,1.04,0.2867784,0.75757576,2.872431001663208,2.9829505360871553,19427
2022,"Patrick Sandoval","LAA",148.2,638,9.14125561,3.632287,2.51666667,0.48430493,0.23667712,0.09404389,0.14263323,0.2460177,1.33856502,0.31642512,0.76763485,3.092251631663208,3.6672782014713845,19447
2022,"Bryan Garcia","DET",20.1,84,7.52459017,4.42622951,1.7,1.32786885,0.20238095,0.11904762,0.08333333,0.2,1.18032787,0.21568627,0.83333333,5.2763654316632085,4.9600437996914915,19457
2022,"Aaron Civale","CLE",97,407,9.09278351,2.04123711,4.45454545,1.29896907,0.24078624,0.05405405,0.18673219,0.24932976,1.18556701,0.29699248,0.625,3.865008321663208,3.621704467885273,19479
2022,"Devin Smeltzer","MIN",62.2,256,5.31382979,2.44148936,2.17647059,1.86702128,0.14453125,0.06640625,0.078125,0.25,1.21276596,0.24468085,0.81632653,5.490090571663208,4.966590339290628,19487
2022,"Jimmy Lambert","CHW",6.2,31,8.1,4.05,2,1.35,0.19354839,0.09677419,0.0967742,0.25,1.5,0.28571429,0.69767442,4.612431001663208,4.4388742857499714,19541
2022,"Jordan Hicks","STL",26.1,120,8.5443038,7.17721519,1.19047619,1.02531646,0.20833333,0.175,0.03333333,0.21276596,1.55696203,0.25757576,0.71770335,5.656734801663208,5.131403655107057,19618
2022,"Kyle Wright","ATL",180.1,738,8.68391867,2.64510166,3.28301887,0.94824399,0.23577236,0.07181572,0.16395664,0.23214286,1.15896488,0.28364389,0.78892372,3.583780351663208,3.297692155026142,19665
2022,"Jason Alexander","MIL",56,251,5.46428571,3.53571429,1.54545455,1.28571429,0.13545817,0.0876494,0.04780877,0.31363636,1.625,0.33333333,0.7398568,5.148145291663209,4.55989049077034,19666
2022,"Connor Seabold","BOS",18.1,98,9.32727273,3.92727273,2.375,2.45454545,0.19387755,0.08163265,0.1122449,0.40229885,2.34545455,0.47619048,0.56410256,6.385158271663208,5.50436865649581,19695
2022,"Matt Swarmer","CHC",24.2,107,8.75675676,3.64864865,2.4,4.01351351,0.22429907,0.09345794,0.13084113,0.23958333,1.33783784,0.19354839,0.73863636,8.179998571663209,4.723285329325573,19705
2022,"Dustin May","LAD",30,127,8.7,4.2,2.07142857,0.9,0.22834646,0.11023622,0.11811024,0.19444444,1.16666667,0.23684211,0.6424581,4.379097671663208,4.21404754469792,19716
2022,"Reiver Sanmartin","CIN",11.1,67,6.35294118,7.14705883,0.88888889,3.17647059,0.11940299,0.13432836,-0.01492537,0.45614035,3.0882353,0.47826087,0.34013605,8.671254531663209,5.781090024635594,19754
2022,"Shohei Ohtani","LAA",166,660,11.87349398,2.38554217,4.97727273,0.75903614,0.33181818,0.06666667,0.26515151,0.20327869,1.01204819,0.28871391,0.83111702,2.401587631663208,2.65180317032409,19755
2022,"Will Vest","DET",1.2,12,10.79999998,10.79999998,1,5.39999999,0.16666667,0.16666667,0,0.44444444,3.59999999,0.5,0.89285714,13.91243098166321,7.888874276860307,19769
2022,"Keegan Thompson","CHC",78.1,345,7.58297872,3.33191489,2.27586207,1.60851064,0.19130435,0.08405797,0.10724638,0.27184466,1.44255319,0.30434783,0.71428571,5.091154401663208,4.71427843076593,19795
2022,"Wil Crowe","PIT",2,8,13.5,4.5,3,4.5,0.375,0.125,0.25,0.14285714,1,0,1,8.112431001663207,3.092800405621529,19800
2022,"Bryan Baker","BAL",3.2,15,9.81818181,2.45454545,4,0,0.26666667,0.06666667,0.2,0.23076923,1.09090909,0.33333333,0.4,2.566976461663208,4.989399115525035,19804
2022,"Daniel Castano","MIA",31.2,139,5.11578947,2.55789474,2,1.42105263,0.1294964,0.0647482,0.0647482,0.2890625,1.45263158,0.3047619,0.70731707,5.070325741663208,4.513646399199909,19805
2022,"Tucker Davidson","2 Tms",49.1,227,5.6554054,6.02027027,0.93939394,1.27702703,0.13656388,0.14537445,-0.00881057,0.25789474,1.66216216,0.27272727,0.67385445,5.828647221663207,5.694479434266125,19871
2022,"Alex Faedo","DET",53.2,244,7.37888199,4.19254658,1.76,1.17391304,0.18032787,0.10245902,0.07786885,0.29302326,1.63975155,0.33532934,0.69444444,4.621747771663208,5.0225193500072844,19874
2022,"Tanner Houck","BOS",16.2,69,7.02,3.78,1.85714286,0,0.1884058,0.10144928,0.08695652,0.25862069,1.32,0.31914894,0.66666667,3.1724310016632082,4.149474808068291,19879
2022,"Corbin Martin","ARI",8,38,7.875,6.75,1.16666667,3.375,0.18421053,0.15789474,0.02631579,0.32258065,2,0.31818182,0.93220339,8.487431001663207,5.832985107600689,19884
2022,"Clarke Schmidt","NYY",11.2,49,10.8,1.54285714,7,0,0.28571429,0.04081633,0.24489796,0.29545455,1.28571429,0.40625,0.625,1.4838595716632086,2.75274763373025,19899
2022,"Jose Suarez","LAA",102.1,435,8.26710098,2.81433225,2.9375,1.14332248,0.21609195,0.07356322,0.14252873,0.2418136,1.25081433,0.28424658,0.73813708,3.9821378416632083,3.965347053618908,19911
2022,"Ian Anderson","ATL",111.2,493,7.81791045,4.35223881,1.7962963,0.96716418,0.19675456,0.10953347,0.08722109,0.26376147,1.51343284,0.31306991,0.69843342,4.249744431663208,4.218204571251457,19951
2022,"Jesus Luzardo","MIA",100.1,400,10.7641196,3.13953488,3.42857143,0.89700997,0.3,0.0875,0.2125,0.19113573,1.03654485,0.25321888,0.7173913,3.1223977816632082,3.1103592888163676,19959
2022,"Joey Wentz","DET",32.2,135,7.43877551,3.58163265,2.07692308,0.55102041,0.2,0.0962963,0.1037037,0.19491525,1.10204082,0.22826087,0.70175439,3.541002431663208,4.557781292076933,19962
2022,"Tyson Miller","TEX",4.2,32,9.64285714,9.64285714,1,1.92857143,0.15625,0.15625,0,0.52,3.85714285,0.63157895,0.37634409,8.255288141663208,7.372905946566425,19976
2022,"Zach Plesac","CLE",130.2,565,6.8877551,2.61734694,2.63157895,1.30867347,0.17699115,0.06725664,0.10973451,0.26103647,1.33163265,0.29032258,0.68897638,4.459369781663208,4.393090241711836,19979
2022,"Bryse Wilson","PIT",93.1,413,6.075,2.60357143,2.33333333,1.63928571,0.15254237,0.0653753,0.08716707,0.29919137,1.47857143,0.31543624,0.65466448,5.255288141663208,4.679735387225865,19990
2022,"Tyler Wells","BAL",103.2,423,6.59807074,2.43086817,2.71428571,1.38906752,0.17966903,0.06619385,0.11347518,0.23136247,1.13826367,0.24584718,0.72745902,4.520791131663208,4.599253506225511,20000
2022,"Kenny Rosenberg","LAA",4.2,19,1.92857143,5.78571428,0.33333333,0,0.05263158,0.15789474,-0.10526316,0.125,1.07142857,0.13333333,1,4.612431001663208,7.1502071198504895,20009
2022,"Bailey Falter","PHI",76.2,318,8.33478261,1.76086957,4.73333333,1.64347826,0.22327044,0.04716981,0.17610063,0.26101695,1.2,0.29716981,0.80357143,4.4559092616632086,3.9742945005985457,20070
2022,"Mauricio Llovera","SFG",1,3,9,0,1,0,0.33333333,0,0.33333333,0,0,0,1,1.1124310016632082,4.073169809579849,20080
2022,"Chris Paddack","MIN",22.1,93,8.05970149,0.80597015,10,0,0.21505376,0.02150538,0.19354838,0.28409091,1.20895522,0.35714286,0.64285714,1.7243713016632083,3.1826456384087503,20099
2022,"Adam Oller","OAK",66,296,5.72727273,4.36363636,1.3125,2.31818182,0.14189189,0.10810811,0.03378378,0.2835249,1.60606061,0.27941176,0.67307692,6.6881885816632085,5.963994945043868,20132
2022,"Nick Nelson","PHI",4,20,15.75,6.75,2.33333333,0,0.35,0.15,0.2,0.3125,2,0.55555556,0.66666667,2.612431001663208,3.7227080546319486,20153
2022,"Kyle Muller","ATL",12.1,59,8.75675676,5.83783784,1.5,1.45945946,0.20338983,0.13559322,0.06779661,0.26,1.7027027,0.2972973,0.54945055,5.220539111663207,4.432760470415312,20167
2022,"Garrett Whitlock","BOS",39,164,8.76923077,2.07692308,4.22222222,1.15384615,0.23170732,0.05487805,0.17682927,0.26143791,1.25641026,0.31531532,0.69767442,3.599610491663208,3.64106236520486,20191
2022,"Eli Morgan","CLE",3,12,15,6,2.5,3,0.41666667,0.16666667,0.25,0.1,1,0,0.625,6.112431001663209,3.7529235402743026,20203
2022,"Mike Baumann","BAL",18.1,79,4.90909091,1.47272727,3.33333333,0.98181818,0.12658228,0.03797468,0.0886076,0.34210526,1.58181818,0.375,0.6870229,3.930612821663208,4.046632020480777,20206
2022,"Zach Logue","OAK",49.1,215,6.75,2.91891892,2.3125,2.00675676,0.17209302,0.0744186,0.09767442,0.27319588,1.39864865,0.28187919,0.64748201,5.605674241663208,5.197647093598843,20231
2022,"Cory Abbott","WSN",39,182,8.30769231,5.30769231,1.56521739,2.30769231,0.1978022,0.12637363,0.07142857,0.26315789,1.61538462,0.27777778,0.74074074,6.753456641663208,5.925363839131135,20277
2022,"Jhonathan Diaz","LAA",11.1,50,7.14705883,7.94117647,0.9,0,0.18,0.2,-0.02,0.225,1.67647059,0.29032258,0.84210526,4.171254531663208,4.954979510183069,20298
2022,"David Peterson","NYM",91,395,10.87912088,4.05494505,2.68292683,0.79120879,0.27848101,0.10379747,0.17468354,0.2361516,1.34065934,0.31877729,0.72156197,3.420123311663208,3.237066109724097,20302
2022,"Steven Wilson","SDP",1,3,18,0,2,0,0.66666667,0,0.66666667,0,0,0,1,-0.8875689983367918,-0.8875689983367918,20353
2022,"Brusdar Graterol","LAD",1,6,9,0,1,0,0.16666667,0,0.16666667,0.5,3,0.6,0.33333333,1.1124310016632082,2.592800405621529,20367
2022,"Matt Manning","DET",63,263,6.85714286,2.71428571,2.52631579,0.85714286,0.18250951,0.07224335,0.11026616,0.23109244,1.17460317,0.25925926,0.72072072,3.7790976716632083,4.37384073989732,20369
2022,"Bruce Zimmermann","BAL",66.2,289,6.21,1.485,4.18181818,2.43,0.15916955,0.03806228,0.12110727,0.31985294,1.47,0.3254717,0.70855615,5.827431001663208,4.404751861179824,20370
2022,"Josh Fleming","TBR",11.2,58,8.48571428,3.08571428,2.75,2.31428571,0.18965517,0.06896552,0.12068965,0.37037037,2.05714286,0.425,0.45454545,5.598145291663209,3.5241762049384135,20418
2022,"Rony Garcia","DET",37,155,7.54054054,2.43243243,3.1,1.7027027,0.2,0.06451613,0.13548387,0.23571429,1.16216216,0.25242718,0.64516129,5.0313499216632085,4.612399639551704,20430
2022,"Huascar Ynoa","ATL",6.2,37,10.79999999,8.1,1.33333333,2.7,0.21621622,0.16216216,0.05405406,0.35483871,2.55,0.42857143,0.49295775,7.312431001663208,4.74476346440953,20468
2022,"Casey Mize","DET",10,45,3.6,1.8,2,0.9,0.08888889,0.04444444,0.04444445,0.30232558,1.5,0.31578947,0.66176471,4.212431001663209,5.577095928788186,20492
2022,"Kyle Nelson","ARI",1,3,0,9,0,0,0,0.33333333,-0.33333333,0,1,0,1,6.112431001663208,7.592800405621529,20515
2022,"Denyi Reyes","BAL",3.2,16,2.45454545,2.45454545,1,0,0.0625,0.0625,0,0.26666667,1.36363636,0.28571429,0.8,3.385158271663208,5.807580932963051,20526
2022,"Kutter Crawford","BOS",61.1,259,8.07065217,2.93478261,2.75,1.4673913,0.21235521,0.07722008,0.13513513,0.27234043,1.36956522,0.31395349,0.66666667,4.514604911663208,4.350092768914559,20531
2022,"Kirk McCarty","CLE",9,43,5,4,1.25,4,0.11627907,0.09302326,0.02325581,0.35897436,2,0.33333333,0.72580645,9.112431001663207,5.637450074487262,20555
2022,"Jackson Tetreault","WSN",21,96,3.85714286,4.28571429,0.9,1.71428571,0.09375,0.10416667,-0.01041667,0.27380952,1.57142857,0.26027397,0.65693431,6.160050051663209,5.7986730073179515,20565
2022,"Yusei Kikuchi","TOR",82.1,371,9.94736842,5.3562753,1.85714286,2.07692308,0.24528302,0.13207547,0.11320755,0.24437299,1.51821862,0.27804878,0.71157495,5.942390511663209,4.4707071070193,20633
2022,"Cristopher Sanchez","PHI",13.1,53,7.425,2.025,3.66666667,2.025,0.20754717,0.05660377,0.1509434,0.20408163,0.975,0.2,0.91836735,5.287431001663208,3.805791170695911,20778
2022,"Elvin Rodriguez","DET",23.1,110,6.94285714,4.24285714,1.63636364,3.47142857,0.16363636,0.1,0.06363636,0.32653061,1.84285714,0.32394366,0.60509554,8.126716721663207,5.3964295109537606,20962
2022,"Adrian Martinez","OAK",57.2,259,8.2716763,2.96531792,2.78947368,2.02890173,0.2046332,0.07335907,0.13127413,0.29487179,1.52601156,0.32748538,0.67307692,5.349425221663209,4.113085001511422,21023
2022,"Luis Gil","NYY",4,19,11.25,4.5,2.5,0,0.26315789,0.10526316,0.15789473,0.29411765,1.75,0.41666667,0.42857143,2.112431001663208,3.2227080546319486,21052
2022,"Thomas Szapucki","NYM",1.1,13,13.50000003,20.25000005,0.66666667,27.00000007,0.15384615,0.23076923,-0.07692308,0.7,7.50000002,0.75,0.22727273,45.86243111166321,12.413816289760373,21065
2022,"Dauri Moreta","CIN",0.1,3,27.00000027,0,1,27.00000027,0.33333333,0,0.33333333,0.66666667,6.00000006,1,0,36.11243133166321,1.5535391979492514,21101
2022,"Miguel Yajure","PIT",4,18,0,6.75,0,0,0,0.16666667,-0.16666667,0.26666667,1.75,0.26666667,1,5.362431001663208,6.842800405621529,21111
2022,"Humberto Castellanos","ARI",41.1,180,6.53225807,2.39516129,2.72727273,1.52419355,0.16666667,0.06111111,0.10555556,0.27777778,1.35483871,0.29457364,0.67073171,4.878560031663209,4.610978126310252,21183
2022,"Bailey Ober","MIN",56,227,8.19642857,1.76785714,4.63636364,0.64285714,0.2246696,0.04845815,0.17621145,0.22748815,1.05357143,0.27672956,0.70397112,2.916002431663208,4.181549939672862,21224
2022,"Tylor Megill","NYM",41.1,174,10.23387097,2.39516129,4.27272727,1.30645161,0.27011494,0.06321839,0.20689655,0.24528302,1.20967742,0.30275229,0.657277,3.5963019716632085,3.0343745810067007,21318
2022,"Glenn Otto","TEX",135.2,587,7.0982801,4.11302211,1.72580645,1.39312039,0.18228279,0.10562181,0.07666098,0.23564356,1.33415233,0.25520833,0.7290401,5.205797091663208,4.8193723371725445,21366
2022,"Joe Ryan","MIN",147,604,9.24489796,2.87755102,3.21276596,1.2244898,0.25,0.07781457,0.17218543,0.21062271,1.10204082,0.25265957,0.77777778,3.989982021663208,4.346158513467328,21390
2022,"Ryan Feltner","COL",94,413,7.85106383,3.15957447,2.48484848,1.53191489,0.19854722,0.07990315,0.11864407,0.26756757,1.40425532,0.29963899,0.62827225,4.793282061663208,4.423103557653883,21446
2022,"Davis Martin","CHW",44.1,193,6.90225564,3.04511278,2.26666667,1.01503759,0.1761658,0.07772021,0.09844559,0.27586207,1.42105263,0.31386861,0.62068966,4.195137771663208,4.498737281687539,21448
2022,"Konnor Pilkington","CLE",51,231,7.76470588,4.94117647,1.57142857,1.05882353,0.19047619,0.12121212,0.06926407,0.255,1.54901961,0.29801325,0.70247934,4.681058451663208,4.922284602476101,21453
2022,"Kris Bubic","KCR",128,583,7.59375,4.4296875,1.71428571,1.1953125,0.18524871,0.10806175,0.07718696,0.30632411,1.703125,0.35294118,0.68617558,4.721806001663208,4.545005221432075,21455
2022,"Cole Sands","MIN",12.1,65,8.75675676,5.10810811,1.71428571,2.18918919,0.18461538,0.10769231,0.07692307,0.32142857,2.02702703,0.36585366,0.61403509,6.5178364116632075,5.516213375657454,21461
2022,"Shane McClanahan","TBR",166.1,641,10.49699399,2.05611222,5.10526316,1.02805611,0.30265211,0.05928237,0.24336974,0.19430486,0.9258517,0.25064599,0.80521472,3.004214571663208,2.596146620163624,21483
2022,"Daniel Lynch","KCR",131.2,600,8.33924051,3.55443038,2.34615385,1.43544304,0.20333333,0.08666667,0.11666666,0.28971963,1.5721519,0.335,0.72836802,4.631418341663208,4.300713970849882,21537
2022,"Reiss Knehr","SDP",3.2,19,2.45454545,4.9090909,0.5,0,0.05263158,0.10526316,-0.05263158,0.26666667,1.63636363,0.28571429,0.75,5.839703721663208,8.665863495080519,21541
2022,"Edward Cabrera","MIA",71.2,291,9.41860465,4.14418605,2.27272727,1.25581395,0.25773196,0.11340206,0.1443299,0.17670683,1.0744186,0.20731707,0.86111111,4.591500771663208,4.120207902880859,21690
2022,"Javier Assad","CHC",36.2,161,6.87272727,4.90909091,1.4,0.98181818,0.17391304,0.1242236,0.04968944,0.23404255,1.44545455,0.26605505,0.84388186,4.639703731663208,5.0787126173594395,21741
2022,"Braxton Garrett","MIA",88,373,9.20454545,2.45454545,3.75,0.92045455,0.24128686,0.06434316,0.1769437,0.25443787,1.25,0.32083333,0.76350093,3.555612821663208,3.504568214172667,21844
2022,"Cole Ragans","TEX",40,174,6.075,3.6,1.6875,1.35,0.15517241,0.09195402,0.06321839,0.2721519,1.475,0.296,0.6916996,4.912431001663208,4.849901991710067,21846
2022,"Max Castillo","2 Tms",26,116,7.26923077,3.11538462,2.33333333,1.73076923,0.18103448,0.07758621,0.10344827,0.29126214,1.5,0.3164557,0.55882353,5.266277151663209,4.531332983305822,21956
2022,"Hunter Greene","CIN",125.2,531,11.74535809,3.43766578,3.41666667,1.71883289,0.30885122,0.09039548,0.21845574,0.2217484,1.20954907,0.28070175,0.76323988,4.369725431663208,3.6422058652283846,22182
2022,"MacKenzie Gore","SDP",65.1,286,9.09183674,4.54591837,2,0.82653061,0.23076923,0.11538462,0.11538461,0.24696356,1.43877551,0.31073446,0.74776786,3.9848799816632083,4.42242993670452,22201
2022,"DL Hall","BAL",3.2,19,14.72727271,7.36363636,2,0,0.31578947,0.15789474,0.15789473,0.33333333,2.18181818,0.5,0.375,2.2942491816632082,3.5054605136354438,22207
2022,"Jonathan Heasley","KCR",104,465,6.05769231,4.06730769,1.4893617,1.64423077,0.15053763,0.10107527,0.04946236,0.26732673,1.49038462,0.2755418,0.69940476,5.670123311663208,5.487208772909183,22224
2022,"Logan Gilbert","SEA",185.2,766,8.43447038,2.37522442,3.55102041,0.92100539,0.22715405,0.06396867,0.16318538,0.24216524,1.17953321,0.29150579,0.77620968,3.4571347716632084,3.777259367644301,22250
2022,"Shane Baz","TBR",27,117,10,3,3.33333333,1.66666667,0.25641026,0.07692308,0.17948718,0.25233645,1.33333333,0.30555556,0.73333333,4.408727301663208,3.426860798067517,22264
2022,"Tarik Skubal","DET",117.2,477,8.9490085,2.44759207,3.65625,0.68838527,0.24528302,0.06708595,0.17819707,0.23744292,1.15580737,0.29874214,0.67524116,2.959456501663208,3.399361132402235,22267
2022,"Trevor Rogers","MIA",107,477,8.91588785,3.78504673,2.35555556,1.26168224,0.22222222,0.09433962,0.1278826,0.27423168,1.5046729,0.33006536,0.66896552,4.3554216516632085,4.110207749805718,22286
2022,"Matthew Liberatore","STL",29.2,139,7.58426966,5.46067416,1.38888889,1.21348315,0.17985612,0.1294964,0.05035972,0.30172414,1.78651685,0.34065934,0.74380165,5.101195041663209,5.144789379271916,22294
2022,"Josh Winckowski","BOS",67.1,301,5.48019802,3.47524752,1.57692308,1.33663366,0.13621262,0.08637874,0.04983388,0.29259259,1.55940594,0.31081081,0.67741935,5.072827041663208,4.6591461830238,22387
2022,"Johan Oviedo","2 Tms",35.2,160,8.3271028,4.79439252,1.73684211,0.5046729,0.20625,0.11875,0.0875,0.22463768,1.40186916,0.2815534,0.75697211,3.8414029616632086,4.523624265117758,22487
2022,"Carlos Hernandez","KCR",29.2,149,4.85393258,6.06741573,0.8,1.21348315,0.10738255,0.13422819,-0.02684564,0.352,2.15730337,0.37037037,0.57239057,5.910183811663208,6.25317869680187,22713
2022,"Angel Zerpa","KCR",9,37,3,3,1,2,0.08108108,0.08108108,0,0.23529412,1.22222222,0.20689655,0.97560976,6.334653221663208,5.090619228283565,22717
2022,"Roansy Contreras","PIT",87.1,377,7.83206107,3.70992366,2.11111111,1.23664122,0.20159151,0.09549072,0.10610079,0.23076923,1.30534351,0.26190476,0.74338086,4.429224891663209,4.609257538275666,22810
2022,"Luis Patino","TBR",20,98,4.95,5.85,0.84615385,2.7,0.1122449,0.13265306,-0.02040816,0.31325301,1.95,0.29850746,0.69620253,8.01243100166321,6.851114398986102,22815
2022,"Joan Adon","WSN",64.2,310,7.65463917,5.42783505,1.41025641,1.11340206,0.17741935,0.12580645,0.0516129,0.29007634,1.77835052,0.33663366,0.61930783,5.107276361663208,5.055706044900655,22925
2022,"Michael Grove","LAD",28.1,126,7.62352941,2.85882353,2.66666667,1.90588235,0.19047619,0.07142857,0.11904762,0.24786325,1.34117647,0.26436782,0.67567568,5.124195711663209,4.670181135052336,23221
2022,"Spencer Howard","TEX",34,162,6.61764706,3.44117647,1.92307692,2.64705882,0.15432099,0.08024691,0.07407408,0.31292517,1.73529412,0.31858407,0.65217391,6.700666291663208,5.09769098995363,23252
2022,"Packy Naughton","STL",7,33,7.71428571,0,6,2.57142857,0.18181818,0,0.18181818,0.36363636,1.71428571,0.4,0.43478261,5.112431001663208,3.5129587216036664,23292
2022,"Janson Junk","LAA",7.1,33,12.27272728,3.68181818,3.33333333,1.22727273,0.3030303,0.09090909,0.21212121,0.3,1.63636364,0.42105263,0.56603774,3.385158271663208,2.62177377686631,23301
2022,"Jose Butto","NYM",4,23,11.25,4.5,2.5,4.5,0.2173913,0.08695652,0.13043478,0.42857143,2.75,0.5,0.48780488,8.612431001663207,5.073169809579849,23313
2022,"JP Sears","2 Tms",52.2,225,6.15189873,3.24683544,1.89473684,1.19620253,0.16,0.08444444,0.07555556,0.27804878,1.44303797,0.30864198,0.75892857,4.612431001663208,4.852162487826816,23429
2022,"Tommy Romero","2 Tms",5.1,34,5.06249999,15.18749998,0.33333333,10.12499999,0.08823529,0.26470588,-0.17647059,0.4,3.5625,0.25,0.75471698,21.674930981663206,10.380762151484015,23465
2022,"Aaron Ashby","MIL",88,393,10.53409091,4.19318182,2.51219512,1.53409091,0.26208651,0.1043257,0.15776081,0.25290698,1.45454545,0.31304348,0.68468468,4.521521911663208,3.500001770765944,23550
2022,"Luis Garcia","HOU",157.1,643,8.9809322,2.68855932,3.34042553,1.31567797,0.24416796,0.07309487,0.17107309,0.22241087,1.13135593,0.26024096,0.74250681,3.9323462516632084,3.8196567649329434,23735
2022,"Ryan Weathers","SDP",3.2,21,7.36363636,9.81818181,0.75,0,0.14285714,0.19047619,-0.04761905,0.35294118,2.72727272,0.42857143,0.6,4.748794631663208,6.363743075752911,23796
2022,"Brayan Bello","BOS",52.1,245,8.42675159,4.12738854,2.04166667,0.17197452,0.2,0.09795918,0.10204082,0.31506849,1.77707006,0.4,0.66954644,2.921348201663208,3.8327204073579617,23920
2022,"Simeon Woods Richardson","MIN",5,20,5.4,3.6,1.5,1.8,0.15,0.1,0.05,0.16666667,1,0.14285714,0.55555556,5.712431001663209,4.888874286413193,24494
2022,"Josiah Gray","WSN",148.2,649,9.32286995,3.99551569,2.33333333,2.30044843,0.23728814,0.10169492,0.13559322,0.23901582,1.35874439,0.25587467,0.80357143,5.856825621663209,4.565314578362678,24580
2022,"Kyle Bradish","BAL",117.2,509,8.49008499,3.5184136,2.41304348,1.30028329,0.21807466,0.09037328,0.12770138,0.26503341,1.40226629,0.31097561,0.70175439,4.4552072016632085,4.0112591493820675,24586
2022,"Josh Winder","MIN",53,224,6.96226415,2.20754717,3.15384615,1.35849057,0.18303571,0.05803571,0.125,0.25853659,1.24528302,0.28481013,0.71428571,4.489789491663209,4.6782507017535995,24606
2022,"Andrew Wantz","LAA",1,4,18,0,2,0,0.5,0,0.5,0,0,0,1,2.112431001663208,2.112431001663208,24933
2022,"Cooper Criswell","TBR",3.1,13,10.80000001,2.7,4,0,0.30769231,0.07692308,0.23076923,0.16666667,0.9,0.25,0.66666667,1.6124310016632077,2.9447634650580286,24975
2022,"Evan Lee","WSN",3.2,19,4.9090909,7.36363636,0.66666667,0,0.10526316,0.15789474,-0.05263158,0.26666667,1.90909091,0.30769231,0.75,5.294249181663208,7.312934730515005,24988
2022,"Garrett Hill","DET",42.2,185,4.4296875,3.796875,1.16666667,1.265625,0.11351351,0.0972973,0.01621621,0.23170732,1.3125,0.23357664,0.7312253,5.432743501663209,5.825172607388756,25097
2022,"Penn Murfee","SEA",2,8,9,4.5,2,0,0.25,0.125,0.125,0.14285714,1,0.2,1,2.612431001663208,4.832985107600689,25174
2022,"Brady Singer","KCR",147.2,595,8.7765237,2.07223476,4.23529412,1.03611738,0.24201681,0.05714286,0.18487395,0.2440367,1.13092551,0.2974359,0.80287206,3.552611591663208,3.309131964377437,25377
2022,"Sam Long","SFG",12.1,51,5.83783784,0,8,1.45945946,0.15686275,0,0.15686275,0.2745098,1.13513514,0.29268293,0.71428571,3.9232418116632077,4.215732738110026,25379
2022,"Drew Rasmussen","TBR",146,584,7.70547945,1.9109589,4.03225806,0.80136986,0.2140411,0.05308219,0.16095891,0.22201835,1.04109589,0.26213592,0.76023392,3.256266621663208,3.5588227425536068,25385
2022,"Cody Morris","CLE",20.2,89,8.70967742,4.79032258,1.81818182,1.30645161,0.2247191,0.12359551,0.10112359,0.24358974,1.4516129,0.29090909,0.89147287,4.660818101663208,4.3495984314838125,25388
2022,"George Kirby","SEA",130,542,9.20769231,1.52307692,6.04545455,0.9,0.24538745,0.04059041,0.20479704,0.26418787,1.20769231,0.33062331,0.75104312,2.9893540816632083,3.3291478798939633,25436
2022,"Xzavion Curry","CLE",9.1,47,2.89285714,5.78571429,0.5,0.96428571,0.06382979,0.12765957,-0.06382978,0.325,2.03571429,0.33333333,0.69892473,6.112431001663208,6.94012796611058,25595
2022,"Hunter Gaddis","CLE",7.1,40,6.13636364,3.68181818,1.66666667,8.59090909,0.125,0.075,0.05,0.40540541,2.45454546,0.32,0.36585366,15.385158281663209,7.417175579131236,25636
2022,"Matt Brash","SEA",20,95,8.55,7.65,1.11764706,1.35,0.2,0.17894737,0.02105263,0.31168831,2.05,0.38181818,0.66137566,5.862431001663208,4.8006526440382,25756
2022,"Hunter Brown","HOU",12,44,8.25,2.25,3.66666667,0,0.25,0.06818182,0.18181818,0.19512195,0.91666667,0.26666667,0.81818182,2.0290976716632088,2.892646487305562,25880
2022,"Zack Thompson","STL",5,24,3.6,3.6,1,3.6,0.08333333,0.08333333,0,0.31818182,1.8,0.27777778,0.64516129,8.712431001663209,6.1770959287881855,25918
2022,"Beau Brieske","DET",81.2,339,5.95102041,2.75510204,2.16,1.54285714,0.15929204,0.07374631,0.08554573,0.23624595,1.2,0.24081633,0.75566751,4.973655491663208,4.7753049596769515,26079
2022,"Andre Pallante","STL",54.1,228,6.62576687,2.65030675,2.5,0.99386503,0.1754386,0.07017544,0.10526316,0.28909953,1.41717791,0.33333333,0.77586207,4.014271491663208,3.4233166125296663,26108
2022,"Caleb Kilian","CHC",11.1,56,7.14705883,9.52941177,0.75,0,0.16071429,0.21428571,-0.05357142,0.26190476,2.02941177,0.32352941,0.375,4.965372181663208,6.7940637958710255,26213
2022,"Ryan Pepiot","LAD",31.1,137,10.34042553,6.31914894,1.63636364,1.72340426,0.26277372,0.16058394,0.10218978,0.19642857,1.40425532,0.22857143,0.85492228,5.697537381663208,5.428729788698168,26221
2022,"Ryne Nelson","ARI",18.1,69,7.85454546,2.94545455,2.66666667,0.98181818,0.23188406,0.08695652,0.14492754,0.14516129,0.81818182,0.15555556,0.90163934,3.7669764516632083,4.690469877302377,26253
2022,"Drey Jameson","ARI",24.1,98,8.87671233,2.5890411,3.42857143,0.73972603,0.24489796,0.07142857,0.17346939,0.22222222,1.10958904,0.28125,0.95238095,3.1946227816632087,2.977849014881067,26260
2022,"Tommy Henry","ARI",47,205,6.89361702,4.0212766,1.71428571,1.91489362,0.17560976,0.10243902,0.07317074,0.26256983,1.44680851,0.27407407,0.75438596,5.878388451663208,4.970767061951313,26285
2022,"Bryan Hoeing","MIA",3,17,6,3,2,6,0.11764706,0.05882353,0.05882353,0.5,3,0.5,0.32258065,11.44576433166321,4.259467072288196,26304
2022,"Ethan Small","MIL",6.1,33,9.94736843,11.36842106,0.875,1.42105263,0.21212121,0.24242424,-0.03030303,0.32,2.52631579,0.41176471,0.75342466,6.744009951663209,6.093833596456039,26364
2022,"Nick Lodolo","CIN",103.1,441,11.40967742,3.39677419,3.35897436,1.13225806,0.29705215,0.08843537,0.20861678,0.23498695,1.2483871,0.32217573,0.80123267,3.896301971663208,3.492867473356921,26378
2022,"Alek Manoah","TOR",196.2,786,8.23728814,2.33389831,3.52941176,0.73220339,0.22900763,0.0648855,0.16412213,0.20196353,0.99152542,0.24427481,0.82622601,3.3463293116632076,3.9748178481909493,26410
2022,"Reid Detmers","LAA",129,539,8.51162791,3.20930233,2.65217391,0.90697674,0.22634508,0.08534323,0.14100185,0.23060797,1.20930233,0.27714286,0.74074074,3.7868496016632083,4.198131858979085,27468
2022,"Cade Cavalli","WSN",4.1,23,12.46153847,4.15384616,3,0,0.26086957,0.08695652,0.17391305,0.33333333,1.84615385,0.5,0.36363636,3.804738691663208,5.512857238846213,27473
2022,"Max Meyer","MIA",6,26,9,3,3,3,0.23076923,0.07692308,0.15384615,0.29166667,1.5,0.3125,0.64516129,6.4457643316632085,4.086256873607637,27474
2022,"Spencer Strider","ATL",107.1,433,13.83540373,2.85093168,4.85294118,0.58695652,0.38106236,0.07852194,0.30254042,0.18274112,0.98757764,0.29017857,0.7358871,1.9198844216632083,2.203023776087596,27498
2022,"Kohei Arihara","TEX",18,96,6.5,5,1.3,2,0.13541667,0.10416667,0.03125,0.38554217,2.33333333,0.42424242,0.63451777,6.723542111663209,5.397265372508102,27505
2022,"Jared Koenig","OAK",25.1,119,4.61842105,4.61842105,1,1.42105263,0.1092437,0.1092437,0,0.27,1.57894737,0.26744186,0.6684492,6.033483631663208,5.67548545126853,27517
2022,"Graham Ashcraft","CIN",105,464,6.08571429,2.57142857,2.36666667,0.94285714,0.15301724,0.06465517,0.08836207,0.28132388,1.41904762,0.31395349,0.6779661,4.207669101663209,4.086454883075896,27552
2022,"Hayden Wesneski","CHC",24.1,98,8.1369863,1.84931507,4.4,0.36986301,0.2244898,0.05102041,0.17346939,0.20224719,0.94520548,0.25373134,0.81300813,2.8247597716632087,3.8722777621611195,27581
2022,"Luis Ortiz","PIT",16,69,9.5625,5.625,1.7,0.5625,0.24637681,0.14492754,0.10144927,0.13559322,1.125,0.17073171,0.54216867,3.674931001663208,4.435323493368924,27646
2022,"Ken Waldichuk","OAK",34.2,146,8.56730769,2.59615385,3.3,1.29807692,0.2260274,0.06849315,0.15753425,0.24427481,1.21153846,0.28723404,0.69230769,4.295123311663208,4.2563507430015175,27681
2022,"Louie Varland","MIN",26,106,7.26923077,2.07692308,3.5,1.38461538,0.19811321,0.05660377,0.14150944,0.26262626,1.23076923,0.2972973,0.80291971,4.304738691663208,4.126731806534988,27691
2022,"Bryce Elder","ATL",51.2,214,7.83870968,4.00645161,1.95652174,0.69677419,0.21028037,0.10747664,0.10280373,0.20855615,1.2,0.25,0.82191781,3.8285600316632085,4.11146241794955,27779
2022,"Chase Silseth","LAA",28.2,129,7.53488372,3.76744186,2,2.19767442,0.18604651,0.09302326,0.09302325,0.28695652,1.56976744,0.30588235,0.69060773,5.972896121663208,4.244419721676918,30074