Season,Name,Tm,G,TBF,ERA,H,2B,3B,R,ER,HR,BB,IBB,HBP,SO,AVG,OBP,SLG,wOBA,playerId
2022,"Matt Bush","2 Tms",6,21,5.0625,4,0,0,3,3,1,2,0,0,6,0.21052632,0.28571429,0.36842105,0.29052579970586867,1246
2022,"Zack Greinke","KCR",26,585,3.67883212,157,30,0,65,56,14,27,0,3,73,0.2859745,0.32020548,0.41712204,0.3210345838372021,1943
2022,"Clayton Kershaw","LAD",22,493,2.27968338,96,16,1,36,32,10,23,0,2,137,0.20645161,0.24593496,0.30967742,0.24547201128509955,2036
2022,"Adam Wainwright","STL",32,803,3.70956522,192,35,3,80,79,16,54,1,7,143,0.26086957,0.31506849,0.38179348,0.3062644274603399,2233
2022,"Corey Kluber","TBR",31,689,4.33536585,178,32,3,82,79,20,21,0,10,139,0.27384615,0.30422125,0.42461538,0.31585256970084913,2429
2022,"Lance Lynn","CHW",21,512,3.99452055,119,20,0,65,54,19,19,0,10,124,0.24740125,0.2890625,0.40748441,0.30389432655647397,2520
2022,"Max Scherzer","NYM",23,565,2.2912844,108,20,0,39,37,13,24,0,11,173,0.20650096,0.2544484,0.31931166,0.2542821439347657,3137
2022,"Anibal Sanchez","WSN",14,292,4.28365385,55,9,1,34,33,13,33,2,4,48,0.2173913,0.3161512,0.41501976,0.3197432249062614,3284
2022,"Charlie Morton","ATL",31,728,4.34302326,149,26,2,85,83,28,63,0,18,205,0.2328125,0.31636864,0.4109375,0.3199036423081053,4676
2022,"Rich Hill","BOS",26,526,4.27077748,125,27,6,67,59,15,37,0,4,109,0.25826446,0.31558935,0.43181818,0.3254160348453449,4806
2022,"Michael Pineda","DET",11,200,5.78571429,58,9,2,31,30,13,8,0,0,26,0.30366492,0.33,0.57591623,0.3852643620967865,5372
2022,"Jesse Chavez","ATL",1,6,18,3,1,0,2,2,0,0,0,0,0,0.5,0.5,0.66666667,0.5048631032307943,5448
2022,"Madison Bumgarner","ARI",30,698,4.87815126,179,50,3,97,86,25,49,0,9,112,0.28100471,0.34002869,0.4866562,0.35749958175497726,5524
2022,"David Phelps","TOR",1,4,0,1,0,0,0,0,0,0,0,1,0,0.33333333,0.5,0.33333333,0.40101589262485504,6316
2022,"Chris Archer","MIN",25,437,4.55844156,87,26,0,56,52,12,48,0,3,84,0.22834646,0.31651376,0.39107612,0.31236572700356124,6345
2022,"Jake Odorizzi","2 Tms",22,453,4.40125392,106,13,2,58,52,14,35,1,3,86,0.25790754,0.31858407,0.40145985,0.31539766685397025,6397
2022,"Alex Cobb","SFG",28,631,3.72828508,152,24,0,72,62,9,43,0,3,151,0.26206897,0.31478537,0.35,0.2955140473353654,6562
2022,"Carlos Carrasco","NYM",29,645,3.96710526,161,38,1,71,67,17,41,2,8,152,0.27150084,0.32608696,0.42495784,0.32739648380754893,6632
2022,"Johnny Cueto","CHW",24,630,3.28695652,155,37,2,63,56,14,32,2,6,98,0.26495726,0.30683625,0.40683761,0.30944454289699475,6893
2022,"Chase Anderson","CIN",7,94,6.04477612,15,4,0,15,15,2,13,0,3,23,0.19480519,0.32978723,0.32467532,0.3006263597214476,6895
2022,"Martin Perez","TEX",32,821,2.88794567,178,37,0,70,63,11,69,0,6,169,0.24119241,0.31004902,0.33604336,0.28947534251446816,6902
2022,"Fernando Cruz","CIN",2,11,0,0,0,0,0,0,0,0,0,1,3,0,0.09090909,0,0.06547388705340298,7048
2022,"Craig Stammen","SDP",1,18,15,6,0,0,5,5,1,3,0,0,3,0.4,0.5,0.6,0.4754159649213155,7274
2022,"Jordan Lyles","BAL",32,774,4.42458101,196,46,1,94,88,26,52,0,8,144,0.27605634,0.33074935,0.45352113,0.3408157075406353,7593
2022,"Wily Peralta","DET",1,9,0,1,0,0,0,0,0,3,0,0,3,0.16666667,0.44444444,0.16666667,0.32778696219126385,7738
2022,"Richard Bleier","MIA",1,5,9,1,0,0,1,1,0,1,0,0,1,0.25,0.4,0.25,0.31451895236968996,7803
2022,"Bryan Shaw","CLE",2,23,8.30769231,5,4,0,4,4,0,4,0,1,3,0.27777778,0.43478261,0.5,0.4089107539342797,8110
2022,"Paolo Espino","WSN",19,368,5.80876494,103,16,1,57,54,22,19,0,2,67,0.30116959,0.33695652,0.54678363,0.3762554814634116,8246
2022,"Justin Verlander","HOU",28,666,1.74857143,116,15,1,43,34,12,29,0,6,185,0.1856,0.22706767,0.2704,0.2217462190111777,8700
2022,"Wade Miley","CHC",8,152,3.34285714,31,5,1,20,13,3,14,0,2,28,0.22962963,0.30921053,0.34814815,0.2937650570743962,8779
2022,"Nathan Eovaldi","BOS",20,460,3.86890244,115,21,0,55,47,21,20,0,1,103,0.26436782,0.29694323,0.45747126,0.32536953830823107,9132
2022,"Patrick Corbin","WSN",31,713,6.30786026,210,35,5,119,107,27,49,1,7,128,0.32061069,0.37359551,0.5129771,0.3833956434253902,9323
2022,"Dallas Keuchel","3 Tms",14,303,9.1978022,94,21,3,69,62,11,31,2,0,45,0.34944238,0.41254125,0.57249071,0.4192951074074273,9434
2022,"Joe Kelly","CHW",1,7,18,2,1,0,2,2,0,2,0,0,2,0.4,0.57142857,0.6,0.5032593863351005,9761
2022,"Garrett Richards","TEX",2,14,6,4,0,0,2,2,1,2,0,0,3,0.33333333,0.42857143,0.58333333,0.435788699558803,9784
2022,"Miles Mikolas","STL",32,793,3.29598662,167,29,2,80,73,25,39,0,6,153,0.22598106,0.26767677,0.37212449,0.2788829309771759,9803
2022,"Mike Minor","CIN",19,455,6.06122449,120,25,0,72,66,24,40,4,7,76,0.2962963,0.36703297,0.53580247,0.3854870044207097,10021
2022,"Kyle Gibson","PHI",31,718,5.04572565,176,33,2,98,94,24,48,0,9,144,0.26829268,0.32496513,0.43445122,0.33125749866333964,10123
2022,"Stephen Strasburg","WSN",1,23,13.49999999,8,3,0,7,7,1,2,0,1,5,0.4,0.47826087,0.7,0.4995450584784798,10131
2022,"Zack Wheeler","PHI",26,607,2.82352941,125,23,6,52,48,13,34,1,7,163,0.22123894,0.27347611,0.35221239,0.2750621960304751,10310
2022,"Erasmo Ramirez","WSN",2,28,9,7,0,0,6,6,3,2,0,1,6,0.28,0.35714286,0.64,0.42318243852683474,10314
2022,"Mychal Givens","NYM",1,4,0,1,0,0,0,0,0,0,0,0,0,0.25,0.25,0.25,0.22096270322799683,10430
2022,"Scott Alexander","SFG",4,17,0,3,1,0,0,0,0,0,0,0,2,0.17647059,0.17647059,0.23529412,0.17818697761086857,10591
2022,"Chris Sale","BOS",2,25,3.17647059,5,2,0,3,2,0,1,0,1,5,0.2173913,0.28,0.30434783,0.2633385252952576,10603
2022,"Andrew Bellatti","PHI",1,5,18,2,1,0,2,2,0,1,0,0,2,0.5,0.6,0.75,0.5668143510818482,10657
2022,"Drew Hutchison","DET",18,392,4.51672862,102,12,2,49,45,14,30,0,2,53,0.28412256,0.34183673,0.44568245,0.344020739197731,10732
2022,"Jacob deGrom","NYM",11,239,3.07772021,40,7,0,22,22,9,8,0,0,102,0.17467249,0.20168067,0.3231441,0.22773413097157197,10954
2022,"Merrill Kelly","ARI",33,804,3.36938436,167,40,2,77,75,21,61,2,2,177,0.22598106,0.2864259,0.37077131,0.2886024902524722,11156
2022,"Vince Velasquez","CHW",9,173,5.26271186,40,9,0,24,23,8,15,0,1,35,0.25477707,0.32369942,0.46496815,0.34282800744723724,11189
2022,"Jose Quintana","2 Tms",32,679,2.93360161,154,35,1,61,54,8,47,1,3,137,0.24600639,0.30132939,0.34345048,0.2860880124674746,11423
2022,"Robbie Ray","SEA",32,775,3.71428571,163,29,5,80,78,32,62,0,7,212,0.23120567,0.29935484,0.42269504,0.3153170654081529,11486
2022,"Aaron Sanchez","2 Tms",10,201,7.15909091,63,14,0,36,35,6,12,1,4,30,0.3480663,0.395,0.52486188,0.39475028179398736,11490
2022,"Jose Urena","COL",17,396,5.1380597,102,16,1,57,51,10,38,0,1,60,0.28895184,0.35606061,0.42492918,0.3426421235005061,11589
2022,"Jameson Taillon","NYY",32,728,3.90789474,168,42,3,78,77,26,32,0,5,151,0.24561404,0.28275862,0.42982456,0.3076310242455581,11674
2022,"Drew Smyly","CHC",22,447,3.47021944,101,24,1,46,41,16,26,0,5,91,0.24337349,0.29530201,0.42168675,0.312233259613882,11760
2022,"Noah Syndergaard","2 Tms",24,557,4.00251256,135,24,5,62,59,14,31,0,4,93,0.26112186,0.30630631,0.40812379,0.3114168643951416,11762
2022,"Taijuan Walker","NYM",29,649,3.48940678,143,27,1,63,61,15,45,1,6,132,0.23993289,0.29892142,0.36409396,0.2928276742682045,11836
2022,"Kyle Hendricks","CHC",16,356,4.80237154,85,18,3,45,45,15,24,0,3,66,0.25993884,0.31638418,0.47094801,0.34064918806997396,12049
2022,"Chris Bassitt","NYM",30,745,3.41834862,159,26,1,71,69,19,49,0,13,167,0.23382353,0.29704301,0.35882353,0.2913361980870206,12304
2022,"Jerad Eickhoff","PIT",1,27,20.76923079,10,2,1,10,10,2,1,0,3,4,0.45454545,0.51851852,0.90909091,0.5754419940489309,12664
2022,"Adrian Houser","MIL",21,448,4.82781457,102,23,2,66,54,8,47,1,2,67,0.25954198,0.33705357,0.38931298,0.3196890762188291,12718
2022,"Nick Martinez","SDP",10,230,4.29936306,54,13,0,25,25,9,27,0,1,47,0.26865672,0.35652174,0.46766169,0.359333649666413,12730
2022,"Sonny Gray","MIN",24,488,3.08356546,99,16,3,44,41,11,36,0,6,117,0.2244898,0.28952772,0.34920635,0.28312409585016707,12768
2022,"John Brebbia","SFG",11,43,0.81818182,10,4,0,1,1,0,1,0,1,7,0.24390244,0.27906977,0.34146341,0.27344115251718565,12777
2022,"Matt Wisler","TBR",5,28,2.34782609,4,1,0,2,2,1,2,0,0,6,0.15384615,0.21428571,0.30769231,0.23138099908828735,12804
2022,"Mike Clevinger","SDP",22,475,4.2462908,97,15,1,54,53,20,35,0,10,89,0.22716628,0.29957806,0.40749415,0.31052023222677816,12808
2022,"Shawn Armstrong","TBR",3,27,1.17391304,5,1,0,1,1,1,1,0,0,6,0.19230769,0.22222222,0.34615385,0.24717684586842856,12857
2022,"Tyler Anderson","LAD",28,677,2.58398437,141,31,6,55,49,14,34,0,7,130,0.22416534,0.27002967,0.35930048,0.2755596555482032,12880
2022,"Dylan Bundy","MIN",29,595,4.88571429,151,29,2,79,76,24,28,0,3,94,0.27060932,0.30588235,0.45878136,0.3290902453310349,12917
2022,"Joe Musgrove","SDP",30,740,2.93370166,154,36,2,67,59,22,42,1,14,184,0.22680412,0.28416779,0.38291605,0.29214544994075126,12970
2022,"Anthony DeSclafani","SFG",5,94,6.63157895,34,6,2,21,14,4,4,0,1,17,0.4,0.41935484,0.65882353,0.4513919949531555,13050
2022,"Yu Darvish","SDP",30,771,3.09760274,148,23,0,67,67,22,37,0,12,197,0.20699301,0.25584416,0.33146853,0.2594295010938273,13074
2022,"Gerrit Cole","NYY",33,793,3.49833887,154,31,2,81,78,33,50,0,2,257,0.20867209,0.26010101,0.3902439,0.28325885188097905,13125
2022,"Eduardo Rodriguez","DET",17,391,4.05494505,87,17,1,49,41,12,34,0,2,72,0.24715909,0.31619537,0.40340909,0.31657502093474477,13164
2022,"Zach Davies","ARI",27,570,4.08684864,122,20,2,66,61,21,52,0,2,102,0.24063116,0.30931459,0.4122288,0.31462843032629084,13183
2022,"Ross Stripling","TOR",24,486,2.91891892,107,25,0,43,40,11,14,0,2,100,0.22863248,0.25308642,0.3525641,0.2637143814514694,13273
2022,"Adrian Sampson","CHC",19,408,3.28378378,98,16,2,38,36,10,27,0,2,68,0.2585752,0.31127451,0.39050132,0.30885391375597787,13339
2022,"Luis Cessa","CIN",10,181,4.29545455,41,7,1,22,21,8,13,0,1,31,0.24698795,0.3038674,0.44578313,0.3247394788989705,13345
2022,"Steven Matz","STL",9,186,5.6953125,47,8,0,27,27,8,9,0,2,51,0.26857143,0.31182796,0.45142857,0.33175442936599897,13361
2022,"Marcus Stroman","CHC",25,569,3.50480769,123,25,1,61,54,16,36,0,4,119,0.23428571,0.28697183,0.37714286,0.29147506662657563,13431
2022,"Daniel Norris","2 Tms",3,50,3.27272727,8,2,0,4,4,0,7,0,4,6,0.20512821,0.38,0.25641026,0.31056235074996946,13475
2022,"Blake Snell","SDP",24,535,3.375,103,23,2,51,48,11,51,0,2,171,0.21638655,0.29213483,0.34243697,0.28238396921407866,13543
2022,"Jakob Junis","SFG",17,365,4.82142857,93,25,2,47,45,12,19,0,4,71,0.27272727,0.31868132,0.46334311,0.3387322900714455,13619
2022,"Max Fried","ATL",30,733,2.47661871,156,25,2,55,51,12,32,2,4,170,0.22543353,0.26193724,0.31936416,0.2552083970420827,13743
2022,"Chris Stratton","PIT",1,9,3.85714286,2,1,0,1,1,0,0,0,0,0,0.22222222,0.22222222,0.33333333,0.23836975627475315,13761
2022,"JT Chargois","TBR",3,17,6.75,5,2,1,3,3,1,0,0,0,3,0.29411765,0.29411765,0.70588235,0.416479229927063,13767
2022,"Zach Eflin","PHI",13,285,4.36764706,66,15,2,36,33,8,15,1,4,56,0.25095057,0.29824561,0.41444867,0.3079647799612771,13774
2022,"Alex Wood","SFG",26,555,5.09693878,132,20,1,78,74,17,30,1,12,131,0.26190476,0.31464738,0.40674603,0.31476994441903156,13781
2022,"Alec Mills","CHC",2,17,15,7,1,1,5,5,3,1,0,1,2,0.46666667,0.52941176,1.26666667,0.7209106087684631,13834
2022,"Chris Flexen","SEA",22,522,4.01652893,122,26,1,54,54,17,44,1,2,83,0.25792812,0.32245681,0.42494715,0.32619335766022023,13896
2022,"Michael Wacha","BOS",23,515,3.32198953,111,22,4,49,47,18,31,0,4,104,0.23319328,0.28349515,0.40966387,0.3007840788480148,14078
2022,"Kevin Gausman","TOR",31,725,3.34923664,188,35,4,72,65,15,28,0,1,205,0.27246377,0.29972376,0.4,0.3039753197471081,14107
2022,"Lance McCullers Jr.","HOU",8,195,2.26573427,37,9,0,12,12,4,22,0,0,50,0.21511628,0.3025641,0.3372093,0.2872106931148431,14120
2022,"Jose Berrios","TOR",32,753,5.23255814,199,34,1,103,100,29,45,0,11,149,0.28757225,0.33954727,0.46531792,0.34995376627232516,14168
2022,"Frankie Montas","2 Tms",27,608,4.05311778,137,28,1,72,65,18,43,3,6,142,0.24909091,0.30794702,0.40181818,0.3088790854677781,14309
2022,"Ty Blach","COL",1,15,6,6,0,0,2,2,0,1,0,0,0,0.46153846,0.46666667,0.46153846,0.39945658842722576,14361
2022,"Tyler Glasnow","TBR",2,26,1.35,4,0,0,1,1,1,2,0,0,10,0.16666667,0.23076923,0.29166667,0.23465545360858625,14374
2022,"Jackson Stephens","ATL",1,15,9,5,0,0,3,3,0,2,0,0,0,0.38461538,0.46666667,0.38461538,0.3864494641621908,14420
2022,"Hyun Jin Ryu","TOR",6,113,5.66666667,32,12,0,17,17,5,4,0,0,16,0.29357798,0.31858407,0.5412844,0.3673492849400613,14444
2022,"Chi Chi Gonzalez","3 Tms",5,84,5.94915254,24,5,0,13,13,4,6,0,0,12,0.30769231,0.35714286,0.52564103,0.38078115099952337,14663
2022,"Duane Underwood Jr.","PIT",1,5,9,2,1,0,1,1,0,0,0,0,1,0.5,0.4,0.75,0.42906556129455564,14677
2022,"Anthony Banda","TOR",1,4,54.00000054,2,0,0,2,2,0,1,0,0,0,0.66666667,0.75,0.66666667,0.6141113936901093,14706
2022,"Paul Blackburn","OAK",21,467,4.28443114,110,31,2,53,53,15,30,2,5,89,0.25522042,0.3111588,0.44083527,0.32558865241449453,14739
2022,"Julio Urias","LAD",31,689,2.16,127,20,3,51,42,23,41,0,5,166,0.19874804,0.25108853,0.34741784,0.2628752930070907,14765
2022,"Michael Lorenzen","LAA",18,411,4.23890785,81,18,0,48,46,11,44,0,4,85,0.22375691,0.31386861,0.36464088,0.30327111671150747,14843
2022,"Caleb Smith","ARI",1,9,36,2,0,0,5,4,2,3,0,0,2,0.33333333,0.55555556,1.33333333,0.6900260845820109,14875
2022,"Jon Gray","TEX",24,521,3.95811518,105,17,2,61,56,17,39,0,6,134,0.22245763,0.28790787,0.375,0.29182305491588395,14916
2022,"Chad Kuhl","COL",27,617,5.71532847,155,31,6,91,87,25,58,1,5,110,0.28388278,0.35504886,0.5,0.36797954586940723,14975
2022,"German Marquez","COL",31,779,4.95412844,185,44,5,109,100,30,63,0,4,150,0.26278409,0.32390746,0.46732955,0.3414288440522927,15038
2022,"Austin Voth","BAL",17,318,3.06550218,71,16,0,28,26,9,21,0,3,67,0.24567474,0.29968454,0.39446367,0.30319572115546145,15047
2022,"Luke Farrell","CHC",2,27,4.2631579,8,2,0,3,3,2,0,0,0,5,0.2962963,0.2962963,0.59259259,0.3778651908591942,15101
2022,"Jimmy Yacabonis","TBR",1,5,0,1,1,0,1,0,0,1,0,0,0,0.25,0.4,0.5,0.39004418849945066,15157
2022,"Austin Pruitt","OAK",1,17,0,0,0,0,0,0,0,0,0,0,2,0,0,0,0,15290
2022,"Andrew Heaney","LAD",14,277,3.06185567,52,14,1,31,22,13,18,0,9,97,0.20967742,0.28623188,0.43145161,0.31264406852964044,15423
2022,"Mike Mayers","LAA",3,63,4.29545454,14,1,0,9,7,3,6,0,0,12,0.24561404,0.31746032,0.42105263,0.32457862203083343,15451
2022,"Nick Pivetta","BOS",33,773,4.55844156,175,36,1,91,91,27,73,0,5,175,0.25325615,0.32729625,0.42547033,0.3298128901138651,15454
2022,"Marco Gonzales","SEA",32,783,4.13114754,194,44,0,97,84,30,50,1,7,103,0.27057183,0.32179487,0.45746165,0.33699238996603675,15467
2022,"Lucas Giolito","CHW",30,698,4.89896907,171,37,3,92,88,24,61,1,4,177,0.27229299,0.33810888,0.45541401,0.34431023046994313,15474
2022,"Antonio Senzatela","COL",19,413,5.06859206,133,28,2,56,52,9,23,0,3,54,0.34908136,0.38780488,0.50393701,0.38598969695044727,15488
2022,"Mark Leiter Jr.","CHC",4,65,8.1627907,15,3,1,13,13,5,7,0,2,11,0.27272727,0.36923077,0.63636364,0.42016179928412806,15551
2022,"Luis Castillo","2 Tms",25,615,2.99334812,118,28,0,56,50,13,45,0,8,167,0.21184919,0.27895595,0.33213645,0.27254333951150417,15689
2022,"Brad Keller","KCR",22,531,4.92915531,128,18,4,73,67,16,47,1,2,83,0.26834382,0.33396226,0.42348008,0.33068656358015786,15734
2022,"Sean Manaea","SDP",28,652,5.05882353,152,26,5,94,86,29,50,1,2,151,0.25589226,0.31384615,0.46296296,0.33497118821313093,15873
2022,"Luis Severino","NYY",19,405,3.17647059,72,16,0,37,36,14,30,0,4,112,0.19565217,0.2630273,0.35326087,0.27259691299930694,15890
2022,"Zach Thompson","PIT",22,456,5.18892508,114,18,1,64,59,19,41,0,2,76,0.27669903,0.34429825,0.46359223,0.3520340864595614,16094
2022,"Chris Ellis","BAL",2,25,10.38461539,5,0,0,5,5,0,6,0,1,2,0.27777778,0.48,0.27777778,0.37087722063064577,16125
2022,"Carlos Rodon","SFG",31,710,2.88202247,131,31,1,59,57,12,52,0,3,237,0.201849,0.26308345,0.30816641,0.2552213426863793,16137
2022,"Aaron Nola","PHI",32,807,3.24878049,168,39,1,75,74,19,29,1,9,235,0.21932115,0.25621891,0.34725849,0.2643505044624785,16149
2022,"Brandon Woodruff","MIL",27,620,3.05217391,122,28,2,56,52,18,42,0,5,190,0.21478873,0.273906,0.36619718,0.2816099402776993,16162
2022,"Kyle Freeland","COL",31,766,4.53435114,193,47,8,96,88,19,53,0,16,131,0.28093159,0.34248366,0.45560408,0.3459781068602419,16256
2022,"John Means","BAL",2,34,3.375,8,1,0,3,3,0,2,0,0,7,0.25806452,0.29411765,0.29032258,0.2595858994652243,16269
2022,"Jesus Tinoco","TEX",2,14,3,3,0,0,1,1,1,2,0,0,4,0.25,0.35714286,0.5,0.37265649863651823,16300
2022,"Tyler Mahle","2 Tms",23,503,4.40055249,104,21,3,61,59,16,43,0,2,126,0.2300885,0.29681275,0.3960177,0.30292814637560295,16358
2022,"Reynaldo Lopez","CHW",1,7,0,1,0,0,0,0,0,0,0,0,3,0.14285714,0.14285714,0.14285714,0.1262644018445696,16400
2022,"Yonny Chirinos","TBR",1,16,0,3,1,0,0,0,0,0,0,1,2,0.2,0.25,0.26666667,0.2343369610607624,16401
2022,"Ryan Yarbrough","TBR",9,176,4.46280992,40,14,0,23,20,3,11,0,7,33,0.25477707,0.32954545,0.40127389,0.32285752113569866,16502
2022,"Jordan Montgomery","2 Tms",32,724,3.48224299,159,34,2,72,69,21,36,0,8,158,0.23485968,0.28116343,0.38404727,0.2912939014197056,16511
2022,"Austin Gomber","COL",17,377,5.74904943,101,19,5,59,56,13,25,1,2,68,0.29190751,0.34042553,0.48843931,0.35586004638671875,16561
2022,"Erik Swanson","SEA",1,6,0,0,0,0,0,0,0,0,0,0,1,0,0,0,0,16587
2022,"J.P. Feyereisen","TBR",2,12,0,0,0,0,0,0,0,0,0,0,5,0,0,0,0,16610
2022,"Julian Merryweather","TOR",1,5,9,2,0,0,1,1,0,0,0,0,1,0.4,0.4,0.4,0.35354032516479494,16703
2022,"Luke Weaver","ARI",1,22,22.09090907,10,3,0,9,9,1,1,0,0,5,0.47619048,0.5,0.76190476,0.5385582392865961,16918
2022,"Touki Toussaint","LAA",2,33,4.69565217,5,0,0,4,4,0,6,0,1,9,0.19230769,0.36363636,0.19230769,0.28096759138685284,16929
2022,"Elieser Hernandez","MIA",10,207,5.97857143,50,12,2,35,31,14,13,0,3,41,0.26595745,0.31884058,0.57446809,0.3763645078249024,16933
2022,"Sean Newcomb","CHC",1,13,6,5,1,0,2,2,1,0,0,0,1,0.38461538,0.38461538,0.69230769,0.4603869915008545,16943
2022,"Trevor Williams","NYM",9,159,4.18965517,39,7,0,18,18,8,8,0,1,29,0.26,0.30188679,0.46666667,0.3323832356704856,16977
2022,"Daniel Mengden","KCR",1,14,10.12499999,5,1,0,3,3,1,1,0,0,2,0.38461538,0.42857143,0.69230769,0.4766982027462551,16980
2022,"Tyler Beede","PIT",5,78,9.6,21,6,0,17,16,3,10,1,2,13,0.31818182,0.42307692,0.54545455,0.415976586279931,16981
2022,"Pablo Lopez","MIA",32,736,3.75,157,39,6,78,75,21,53,1,8,174,0.23397914,0.29619565,0.40387481,0.3052033859045327,17085
2022,"Austin Davis","BOS",3,22,0,1,0,0,0,0,0,2,0,0,8,0.05,0.13636364,0.05,0.102788123217496,17117
2022,"Domingo German","NYY",14,291,3.69339623,64,16,0,31,29,11,18,0,4,56,0.23791822,0.29553265,0.42007435,0.31256484575697646,17149
2022,"Gabe Speier","KCR",1,6,0,0,0,0,0,0,0,0,0,0,1,0,0,0,0,17170
2022,"Jalen Beeks","TBR",7,56,2.84210526,13,5,0,4,4,1,5,0,2,14,0.26530612,0.35714286,0.42857143,0.3473301317010607,17192
2022,"Ranger Suarez","PHI",29,662,3.65021459,149,39,2,74,63,15,58,0,2,129,0.24916388,0.31666667,0.39632107,0.31373637282487116,17277
2022,"Michael Kopech","CHW",25,494,3.54469274,85,17,1,53,47,15,57,0,3,105,0.1981352,0.29352227,0.34731935,0.2864489008781881,17282
2022,"Justus Sheffield","SEA",1,28,9,7,0,0,5,5,1,4,0,1,4,0.31818182,0.42857143,0.45454545,0.38751053171498434,17285
2022,"Framber Valdez","HOU",31,827,2.81622517,166,24,2,71,63,11,67,0,11,194,0.22281879,0.29575758,0.30469799,0.27194555752205124,17295
2022,"Justin Steele","CHC",24,512,3.17647059,111,17,1,53,42,8,50,0,3,126,0.24449339,0.32093933,0.33920705,0.29617928770423635,17312
2022,"Brett Martin","TEX",1,5,0,1,0,0,0,0,0,2,0,0,0,0.33333333,0.6,0.33333333,0.4522677421569824,17369
2022,"Erick Fedde","WSN",27,573,5.81102362,149,27,0,84,82,21,58,0,0,94,0.29330709,0.36188811,0.47047244,0.361517466031588,17425
2022,"Jeff Hoffman","CIN",1,7,0,1,1,0,0,0,0,0,0,1,3,0.16666667,0.28571429,0.33333333,0.2830985358783177,17432
2022,"Jack Flaherty","STL",8,164,4.37142857,35,7,2,18,17,4,22,0,5,32,0.25735294,0.3803681,0.42647059,0.3590133413215356,17479
2022,"Spenser Watkins","BAL",20,407,4.16842105,98,23,1,48,44,10,26,0,4,58,0.26133333,0.31449631,0.408,0.3161915769155254,17489
2022,"Jimmy Herget","LAA",1,10,3,1,1,0,1,1,0,0,0,0,2,0.1,0.1,0.2,0.1261476993560791,17556
2022,"JT Brubaker","PIT",28,646,4.6875,157,39,2,85,75,17,54,0,9,147,0.27068966,0.34055728,0.43275862,0.3386991135660709,17578
2022,"Mitch Keller","PIT",29,660,3.94117647,154,27,2,75,67,14,57,1,11,132,0.26279863,0.33738602,0.38737201,0.3209589379563179,17594
2022,"Cristian Javier","HOU",25,531,2.67990074,81,17,1,42,40,16,49,0,4,173,0.17052632,0.25330813,0.31157895,0.2540052279632799,17606
2022,"Jeffrey Springs","TBR",25,513,2.664,110,19,3,42,37,14,28,0,1,133,0.22916667,0.27201566,0.36875,0.2802154769402894,17677
2022,"Nabil Crismatt","SDP",1,11,0,1,1,0,0,0,0,3,0,0,4,0.11111111,0.33333333,0.22222222,0.2773090700308482,17732
2022,"Tyler Alexander","DET",17,346,5.7375,90,18,2,55,51,17,22,0,1,52,0.28391167,0.32753623,0.51419558,0.35898540486460145,17735
2022,"Nestor Cortes","NYY",28,615,2.44421053,108,23,0,44,43,16,38,0,2,163,0.18881119,0.24065041,0.31293706,0.2451453590780739,17874
2022,"Dennis Santana","TEX",1,9,4.5,1,1,0,1,1,0,2,0,0,3,0.14285714,0.33333333,0.28571429,0.29321832127041286,17878
2022,"Tyler Gilbert","ARI",7,134,5.45744681,31,5,0,20,19,7,9,1,1,17,0.25619835,0.31060606,0.47107438,0.3346162210893995,17964
2022,"Logan Webb","SFG",32,787,2.90121317,174,38,3,76,62,11,49,0,7,163,0.23966942,0.29336735,0.34573003,0.28335702259625706,17995
2022,"Triston McKenzie","CLE",30,729,2.91504425,136,28,2,63,61,25,42,0,5,189,0.20029455,0.25137363,0.35787923,0.26709381736569354,18000
2022,"Josh Sborz","TEX",1,4,0,1,0,0,0,0,0,0,0,0,0,0.25,0.25,0.25,0.22096270322799683,18323
2022,"Taylor Hearn","TEX",13,278,6.25423729,75,18,1,42,41,9,28,0,3,54,0.30487805,0.38129496,0.49593496,0.381087757915044,18325
2022,"James Kaprielian","OAK",26,577,4.23134328,121,27,7,68,63,16,59,0,5,98,0.23865878,0.32118056,0.41420118,0.3218952277675271,18331
2022,"Alex Young","SFG",1,6,13.49999993,1,0,0,3,1,0,2,0,0,0,0.33333333,0.5,0.33333333,0.37688978513081867,18333
2022,"Jaime Barria","LAA",1,21,3.85714285,3,0,0,2,2,1,4,0,0,3,0.1875,0.35,0.375,0.32973394393920896,18356
2022,"Connor Overton","CIN",4,89,1.82432432,15,2,0,5,5,0,7,0,0,10,0.18518519,0.24719101,0.20987654,0.21162047412958038,18376
2022,"Scott Effross","CHC",1,7,0,2,1,0,2,0,0,0,0,0,0,0.28571429,0.28571429,0.42857143,0.3064754009246826,18384
2022,"Jose Urquidy","HOU",28,671,3.88090349,152,33,1,72,70,27,36,0,7,133,0.24437299,0.29061103,0.43086817,0.31213236396962946,18413
2022,"Josh Rogers","WSN",3,60,5.14285714,14,2,0,8,8,3,5,0,0,7,0.25454545,0.31666667,0.45454545,0.3356222569942474,18510
2022,"Dylan Cease","CHW",32,747,2.20108696,126,25,2,55,45,16,78,2,3,227,0.19004525,0.27785235,0.30618401,0.2634675980095587,18525
2022,"Jake Woodford","STL",1,21,1.6875,4,2,0,1,1,0,1,0,0,1,0.2,0.23809524,0.3,0.2371142648515247,18674
2022,"Freddy Peralta","MIL",17,308,3.18340611,51,10,2,27,27,5,26,0,3,83,0.18478261,0.26058632,0.28985507,0.24852236843264452,18679
2022,"Sandy Alcantara","MIA",32,886,2.28279883,174,32,6,67,58,16,50,1,9,207,0.21219512,0.26327684,0.32439024,0.25952465710866507,18684
2022,"Nick Neidert","MIA",1,20,3.6,5,1,0,2,2,1,0,0,0,3,0.25,0.25,0.45,0.2992515444755554,18699
2022,"Cody Poteet","MIA",2,31,5.86956521,5,3,0,5,5,1,4,0,0,5,0.18518519,0.29032258,0.40740741,0.306298678921115,18769
2022,"Dillon Peters","PIT",4,37,5,7,2,0,5,5,0,3,0,0,6,0.20588235,0.27027027,0.26470588,0.24347134860786232,18790
2022,"Tommy Nance","MIA",2,22,1.8,4,0,0,1,1,1,3,0,0,7,0.21052632,0.31818182,0.36842105,0.3086266246708957,19178
2022,"Robert Dugger","CIN",1,20,11.25,4,1,0,5,5,2,4,0,0,2,0.25,0.4,0.6875,0.45221532583236695,19191
2022,"Dakota Hudson","STL",26,585,4.54390244,139,24,1,71,69,9,60,0,9,78,0.27416174,0.35738832,0.37869822,0.32841183629232584,19206
2022,"Mitch White","2 Tms",18,358,5.30962343,88,21,3,48,47,7,31,0,2,61,0.27160494,0.33798883,0.41975309,0.3323185287374358,19225
2022,"Cole Irvin","OAK",30,741,3.97790055,174,33,3,87,80,25,36,3,7,128,0.25108225,0.29324324,0.41558442,0.30648301309290543,19244
2022,"Thomas Hatch","TOR",1,26,19.28571427,12,2,0,10,10,3,2,0,1,4,0.52173913,0.57692308,1,0.6547544117157276,19264
2022,"Justin Dunn","CIN",7,138,6.09677419,32,8,0,21,21,11,17,0,3,21,0.27586207,0.37956204,0.62931034,0.42513268576921337,19268
2022,"T.J. Zeuch","CIN",3,64,15.1875,24,1,0,18,18,5,7,0,3,5,0.45283019,0.53125,0.75471698,0.5392600754275918,19269
2022,"Vladimir Gutierrez","CIN",8,168,7.71428571,42,13,3,30,30,7,22,1,6,28,0.30434783,0.41666667,0.5942029,0.4268580717954807,19278
2022,"Zac Gallen","ARI",31,714,2.54347826,121,32,1,56,52,15,47,0,12,192,0.1858679,0.25245442,0.30721966,0.25046739738753265,19291
2022,"Trevor Richards","TOR",4,19,2.07692308,5,1,0,1,1,0,1,0,0,7,0.27777778,0.31578947,0.33333333,0.2887170628497475,19309
2022,"Cal Quantrill","CLE",32,770,3.38103757,178,30,1,78,70,21,47,0,10,128,0.25356125,0.30678851,0.38888889,0.3053472280191068,19312
2022,"Eric Lauer","MIL",29,661,3.68697479,135,21,3,71,65,27,59,0,2,157,0.22804054,0.29832572,0.41047297,0.3098308446744806,19316
2022,"Daulton Jefferies","OAK",8,172,5.72033898,46,13,0,26,25,4,8,0,2,28,0.28571429,0.3255814,0.44099379,0.3329607989898948,19345
2022,"Caleb Ferguson","LAD",1,3,0,0,0,0,0,0,0,0,0,0,3,0,0,0,0,19349
2022,"Dean Kremer","BAL",21,488,3.225,117,27,0,45,43,11,32,0,5,84,0.26174497,0.31687243,0.39597315,0.31340942228281937,19350
2022,"Corbin Burnes","MIL",33,797,2.94059406,144,24,6,73,66,23,51,0,13,243,0.19699042,0.26097867,0.34062927,0.2665729692469876,19361
2022,"Keegan Akin","BAL",1,10,7.71428573,2,2,0,2,2,0,1,0,0,4,0.22222222,0.3,0.44444444,0.32116979360580444,19362
2022,"Walker Buehler","LAD",12,274,4.01538462,67,12,1,30,29,8,17,0,2,58,0.2627451,0.31386861,0.41176471,0.3179608988065789,19374
2022,"Tony Gonsolin","LAD",24,498,2.14066496,79,19,3,32,31,11,35,1,4,119,0.17248908,0.23694779,0.29912664,0.23846958460702264,19388
2022,"Dane Dunning","TEX",29,671,4.46086957,158,39,2,80,76,20,62,0,11,137,0.26825127,0.34477612,0.44312394,0.34357956300920517,19409
2022,"Shane Bieber","CLE",31,791,2.88,172,29,2,70,64,18,36,0,2,198,0.23025435,0.26649746,0.34672021,0.26907410915127866,19427
2022,"Patrick Sandoval","LAA",27,638,2.9058296,139,19,3,56,48,8,60,0,5,151,0.2460177,0.32176656,0.33274336,0.2943431164375991,19447
2022,"Bryan Garcia","DET",4,84,3.54098361,14,0,0,8,8,3,10,0,3,17,0.2,0.32142857,0.32857143,0.2974576318547839,19457
2022,"Aaron Civale","CLE",20,407,4.91752577,93,23,0,58,53,14,22,1,7,98,0.24932976,0.2997543,0.42359249,0.3128639138097246,19479
2022,"Devin Smeltzer","MIN",12,256,4.0212766,59,10,1,29,28,13,17,0,1,37,0.25,0.30196078,0.46610169,0.33143438381307266,19487
2022,"Jimmy Lambert","CHW",2,31,5.4,7,3,0,4,4,1,3,0,0,6,0.25,0.32258065,0.46428571,0.3411037652723251,19541
2022,"Jordan Hicks","STL",8,120,5.46835443,20,5,0,16,16,3,21,0,5,25,0.21276596,0.38333333,0.36170213,0.3432857150832812,19618
2022,"Kyle Wright","ATL",30,738,3.19408503,156,21,1,67,64,19,53,0,9,174,0.23214286,0.29579376,0.35119048,0.28777282605177673,19665
2022,"Jason Alexander","MIL",11,251,4.82142857,69,10,3,33,30,8,22,0,4,34,0.31363636,0.37848606,0.49545455,0.37630621703022504,19666
2022,"Connor Seabold","BOS",5,98,11.29090909,35,9,2,24,23,5,8,0,3,19,0.40229885,0.46938776,0.72413793,0.5038748657216832,19695
2022,"Matt Swarmer","CHC",5,107,5.83783784,23,3,1,20,16,11,10,0,0,24,0.23958333,0.30841121,0.63541667,0.39379470704871916,19705
2022,"Dustin May","LAD",6,127,4.5,21,2,0,17,15,3,14,0,5,29,0.19444444,0.31496063,0.2962963,0.2844413420346778,19716
2022,"Reiver Sanmartin","CIN",4,67,19.85294118,26,6,0,25,25,4,9,0,0,8,0.45614035,0.52238806,0.77192982,0.5402563632424198,19754
2022,"Shohei Ohtani","LAA",28,660,2.3313253,124,23,2,45,43,14,44,0,2,219,0.20327869,0.25796662,0.31639344,0.2550791364519296,19755
2022,"Will Vest","DET",2,12,10.79999998,4,0,0,2,2,1,2,0,1,2,0.44444444,0.58333333,0.77777778,0.568437879284223,19769
2022,"Keegan Thompson","CHC",17,345,4.82553192,84,18,3,48,42,14,29,0,6,66,0.27184466,0.34492754,0.48543689,0.3597744032956552,19795
2022,"Wil Crowe","PIT",1,8,4.5,1,0,0,1,1,1,1,0,0,3,0.14285714,0.25,0.57142857,0.34509317576885223,19800
2022,"Bryan Baker","BAL",2,15,7.36363636,3,2,0,3,3,0,1,0,1,4,0.23076923,0.33333333,0.38461538,0.32105076710383096,19804
2022,"Daniel Castano","MIA",7,139,4.54736842,37,11,2,19,16,5,9,0,2,18,0.2890625,0.34532374,0.5234375,0.3731742591309033,19805
2022,"Tucker Davidson","2 Tms",11,227,6.2027027,49,13,1,34,34,7,33,0,2,31,0.25789474,0.37004405,0.44736842,0.3586843628190162,19871
2022,"Alex Faedo","DET",12,244,5.53416149,63,16,0,34,33,7,25,0,1,44,0.29302326,0.3647541,0.46511628,0.360575762684228,19874
2022,"Tanner Houck","BOS",4,69,4.32,15,3,0,8,8,0,7,0,2,13,0.25862069,0.35294118,0.31034483,0.3037099101964165,19879
2022,"Corbin Martin","ARI",2,38,5.625,10,2,0,5,5,3,6,0,0,7,0.32258065,0.43243243,0.67741935,0.4673155707281989,19884
2022,"Clarke Schmidt","NYY",3,49,4.62857143,13,2,0,6,6,0,2,0,1,14,0.29545455,0.34042553,0.34090909,0.3051705018002936,19899
2022,"Jose Suarez","LAA",20,435,4.13355049,96,24,1,48,47,13,32,2,4,94,0.2418136,0.30414747,0.40554156,0.3093039909446681,19911
2022,"Ian Anderson","ATL",22,493,4.99701493,115,25,1,63,62,12,54,0,1,97,0.26376147,0.34482759,0.40825688,0.33259874558110264,19951
2022,"Jesus Luzardo","MIA",18,400,3.31893688,69,18,2,40,37,10,35,0,2,120,0.19113573,0.26566416,0.33518006,0.26728302554080363,19959
2022,"Joey Wentz","DET",7,135,3.03061224,23,7,2,13,11,2,13,0,1,27,0.19491525,0.27407407,0.33898305,0.27005271867469505,19962
2022,"Tyson Miller","TEX",2,32,25.07142855,13,3,0,13,13,1,5,0,2,5,0.52,0.625,0.76,0.584226094186306,19976
2022,"Zach Plesac","CLE",24,565,4.33928571,136,30,0,74,63,19,38,0,5,100,0.26103647,0.31681416,0.42802303,0.3254525523270126,19979
2022,"Bryse Wilson","PIT",20,413,5.97857143,111,24,1,66,62,17,27,1,8,63,0.29919137,0.35523114,0.50673854,0.37013552217948725,19990
2022,"Tyler Wells","BAL",23,423,4.25401929,90,18,1,49,49,16,28,0,2,76,0.23136247,0.28503563,0.40616967,0.3011805241011667,20000
2022,"Kenny Rosenberg","LAA",1,19,0,2,1,0,0,0,0,3,0,0,1,0.125,0.26315789,0.1875,0.22166103438327187,20009
2022,"Bailey Falter","PHI",16,318,3.75652174,77,16,1,35,32,14,15,0,6,71,0.26101695,0.3081761,0.46440678,0.3336558683113482,20070
2022,"Mauricio Llovera","SFG",1,3,0,0,0,0,0,0,0,0,0,0,1,0,0,0,0,20080
2022,"Chris Paddack","MIN",5,93,4.02985075,25,7,1,10,10,0,2,0,1,20,0.28409091,0.30107527,0.38636364,0.2962886460365788,20099
2022,"Adam Oller","OAK",14,296,6.68181818,74,26,0,51,49,17,32,0,1,42,0.2835249,0.36148649,0.57854406,0.39926290854408936,20132
2022,"Nick Nelson","PHI",2,20,6.75,5,0,0,3,3,0,3,0,1,7,0.3125,0.45,0.3125,0.36028493344783785,20153
2022,"Kyle Muller","ATL",3,59,8.02702703,13,2,0,11,11,2,8,0,0,12,0.26,0.36206897,0.42,0.3470959622284462,20167
2022,"Garrett Whitlock","BOS",9,164,4.15384615,40,9,0,20,18,5,9,0,1,38,0.26143791,0.30487805,0.41830065,0.314709327206379,20191
2022,"Eli Morgan","CLE",1,12,6,1,0,0,2,2,1,2,0,0,5,0.1,0.25,0.4,0.2874574462572734,20203
2022,"Mike Baumann","BAL",4,79,5.4,26,6,0,11,11,2,3,0,0,10,0.34210526,0.36708861,0.5,0.37580267537998246,20206
2022,"Zach Logue","OAK",10,215,6.2027027,53,13,3,35,34,11,16,0,2,37,0.27319588,0.33333333,0.54123711,0.3729375057936834,20231
2022,"Cory Abbott","WSN",9,182,6,40,10,0,28,26,10,23,0,5,36,0.26315789,0.37362637,0.52631579,0.3871097548322363,20277
2022,"Jhonathan Diaz","LAA",3,50,2.38235294,9,3,1,3,3,0,10,0,0,9,0.225,0.38,0.35,0.3338493037223816,20298
2022,"David Peterson","NYM",19,395,3.85714286,81,20,1,44,39,8,41,0,7,110,0.2361516,0.32741117,0.37026239,0.31128712096795214,20302
2022,"Steven Wilson","SDP",1,3,0,0,0,0,0,0,0,0,0,0,2,0,0,0,0,20353
2022,"Brusdar Graterol","LAD",1,6,18,3,0,0,2,2,0,0,0,0,1,0.5,0.5,0.5,0.44192540645599365,20367
2022,"Matt Manning","DET",12,263,3.42857143,55,7,0,27,24,6,19,0,1,48,0.23109244,0.2851711,0.33613445,0.27448832558135117,20369
2022,"Bruce Zimmermann","BAL",13,289,5.94,87,19,2,47,44,18,11,0,2,46,0.31985294,0.34722222,0.60294118,0.4024590916103787,20370
2022,"Josh Fleming","TBR",3,58,9.25714285,20,4,0,15,12,3,4,0,0,11,0.37037037,0.4137931,0.61111111,0.43977497774979163,20418
2022,"Rony Garcia","DET",8,155,5.10810811,33,8,1,23,21,7,10,0,4,31,0.23571429,0.30322581,0.45714286,0.3289736847723684,20430
2022,"Huascar Ynoa","ATL",2,37,13.49999999,11,2,0,10,10,2,6,0,0,8,0.35483871,0.45945946,0.61290323,0.4590912509608913,20468
2022,"Casey Mize","DET",2,45,5.4,13,1,3,6,6,1,2,0,0,4,0.30232558,0.33333333,0.53488372,0.3685732179217868,20492
2022,"Kyle Nelson","ARI",1,3,0,0,0,0,0,0,0,1,0,0,0,0,0.33333333,0,0.22958131631215414,20515
2022,"Denyi Reyes","BAL",1,16,2.45454545,4,1,0,1,1,0,1,0,0,1,0.26666667,0.3125,0.33333333,0.28761083632707596,20526
2022,"Kutter Crawford","BOS",12,259,5.42934783,64,19,0,38,37,10,20,0,2,55,0.27234043,0.33204633,0.48085106,0.35072648801398554,20531
2022,"Kirk McCarty","CLE",2,43,8,14,0,0,9,8,4,4,0,0,5,0.35897436,0.41860465,0.66666667,0.4623602268307708,20555
2022,"Jackson Tetreault","WSN",4,96,5.14285714,23,4,1,15,12,4,10,0,0,9,0.27380952,0.34375,0.48809524,0.35621463879942894,20565
2022,"Yusei Kikuchi","TOR",20,371,5.24696356,76,20,0,57,48,19,49,0,7,91,0.24437299,0.35675676,0.49196141,0.36781078496494807,20633
2022,"Cristopher Sanchez","PHI",3,53,3.375,10,1,0,5,5,3,3,0,1,11,0.20408163,0.26415094,0.40816327,0.29371756315231323,20778
2022,"Elvin Rodriguez","DET",5,110,9.64285714,32,6,1,25,25,9,11,1,1,18,0.32653061,0.4,0.68367347,0.4547475319389903,20962
2022,"Adrian Martinez","OAK",12,259,6.24277457,69,8,1,42,40,13,19,1,3,53,0.29487179,0.35135135,0.5042735,0.36716353916382605,21023
2022,"Luis Gil","NYY",1,19,9,5,1,0,4,4,0,2,0,0,5,0.29411765,0.36842105,0.35294118,0.3249667443727192,21052
2022,"Thomas Szapucki","NYM",1,13,60.75000015,7,3,0,9,9,4,3,0,0,2,0.7,0.76923077,2.2,1.0875898966422448,21065
2022,"Dauri Moreta","CIN",1,3,54.00000054,2,1,0,2,2,1,0,0,0,1,0.66666667,0.66666667,2,1.1111594835917156,21101
2022,"Miguel Yajure","PIT",1,18,0,4,1,0,0,0,0,3,0,0,0,0.26666667,0.38888889,0.33333333,0.3321811821725633,21111
2022,"Humberto Castellanos","ARI",9,180,5.66129032,45,8,1,26,26,7,11,0,3,30,0.27777778,0.32960894,0.4691358,0.34394224629055853,21183
2022,"Bailey Ober","MIN",11,227,3.21428571,48,10,2,22,20,4,11,0,2,51,0.22748815,0.2699115,0.3507109,0.2717048320095096,21224
2022,"Tylor Megill","NYM",9,174,5.00806452,39,6,0,23,23,6,11,0,1,47,0.24528302,0.29651163,0.39622642,0.3032630165649015,21318
2022,"Glenn Otto","TEX",27,587,4.64373464,119,17,2,74,70,21,62,0,13,107,0.23564356,0.33162393,0.4019802,0.32486995845778377,21366
2022,"Joe Ryan","MIN",27,604,3.55102041,115,28,2,60,58,20,47,0,10,151,0.21062271,0.28524046,0.37912088,0.2935115460732683,21390
2022,"Ryan Feltner","COL",19,413,6.03191489,99,17,4,65,63,16,33,0,5,82,0.26756757,0.33252427,0.46486486,0.34497781387231885,21446
2022,"Davis Martin","CHW",9,193,5.48120301,48,13,1,29,27,5,15,1,2,34,0.27586207,0.33854167,0.44827586,0.34070713732255065,21448
2022,"Konnor Pilkington","CLE",11,231,4.41176471,51,8,1,30,25,6,28,0,2,44,0.255,0.35064935,0.395,0.33190065235286564,21453
2022,"Kris Bubic","KCR",27,583,5.5546875,155,30,1,86,79,17,63,0,4,108,0.30632411,0.3814433,0.47035573,0.3702979931716657,21455
2022,"Cole Sands","MIN",3,65,9.48648649,18,3,0,13,13,3,7,0,2,12,0.32142857,0.41538462,0.53571429,0.41335812715383674,21461
2022,"Shane McClanahan","TBR",28,641,2.54308617,116,16,0,52,47,19,38,1,3,194,0.19430486,0.2456964,0.31658291,0.24888360472308432,21483
2022,"Daniel Lynch","KCR",27,600,5.12658228,155,24,1,79,75,21,52,2,5,122,0.28971963,0.35451505,0.45607477,0.35195774990040185,21537
2022,"Reiss Knehr","SDP",1,19,4.9090909,4,2,0,2,2,0,2,0,2,1,0.26666667,0.42105263,0.4,0.3741352118943867,21541
2022,"Edward Cabrera","MIA",14,291,3.01395349,44,7,0,24,24,10,33,0,9,75,0.17670683,0.29553265,0.3253012,0.28393398834667666,21690
2022,"Javier Assad","CHC",8,161,2.94545455,33,5,1,13,12,4,20,0,0,28,0.23404255,0.32919255,0.36879433,0.312423472819121,21741
2022,"Braxton Garrett","MIA",17,373,3.57954545,86,17,3,38,35,9,24,1,10,90,0.25443787,0.32258065,0.40236686,0.3189215059228985,21844
2022,"Cole Ragans","TEX",9,174,4.95,43,7,2,24,22,6,16,0,0,27,0.2721519,0.33908046,0.4556962,0.3461652583089368,21846
2022,"Max Castillo","2 Tms",6,116,6.92307692,30,2,2,22,20,5,9,0,2,21,0.29126214,0.35652174,0.49514563,0.3677011365475862,21956
2022,"Hunter Greene","CIN",24,531,4.4403183,104,21,0,64,62,24,48,0,10,164,0.2217484,0.30508475,0.42004264,0.3175670186903068,22182
2022,"MacKenzie Gore","SDP",13,286,4.27040816,61,9,2,31,31,6,33,0,4,66,0.24696356,0.34265734,0.37246964,0.3198839863697132,22201
2022,"DL Hall","BAL",1,19,12.27272726,5,2,0,5,5,0,3,0,0,6,0.33333333,0.42105263,0.46666667,0.3810914880351016,22207
2022,"Jonathan Heasley","KCR",21,465,5.27884615,108,22,3,67,61,19,47,0,6,70,0.26732673,0.34623656,0.47772277,0.3552327691867787,22224
2022,"Logan Gilbert","SEA",32,766,3.19928187,170,41,3,71,66,19,49,2,6,174,0.24216524,0.29527559,0.39031339,0.2988906388220034,22250
2022,"Shane Baz","TBR",6,117,5,27,4,1,15,15,5,9,0,1,30,0.25233645,0.31623932,0.44859813,0.3329198976867219,22264
2022,"Tarik Skubal","DET",21,477,3.5184136,104,28,2,53,46,9,32,0,1,117,0.23744292,0.28842105,0.37214612,0.28922604673787167,22267
2022,"Trevor Rogers","MIA",23,477,5.46728972,116,35,1,69,65,15,45,0,5,106,0.27423168,0.34800839,0.46808511,0.35404172246061283,22286
2022,"Matthew Liberatore","STL",7,139,5.46067416,35,10,2,18,18,4,18,0,1,25,0.30172414,0.39416058,0.52586207,0.39427902446176016,22294
2022,"Josh Winckowski","BOS",14,301,5.74752475,79,13,5,44,43,10,26,1,2,41,0.29259259,0.35548173,0.48888889,0.3628711148103078,22387
2022,"Johan Oviedo","2 Tms",8,160,3.53271028,31,3,0,15,14,2,19,0,3,33,0.22463768,0.33125,0.28985507,0.2884708020836115,22487
2022,"Carlos Hernandez","KCR",7,149,9.10112359,44,9,1,31,30,4,20,0,1,16,0.352,0.43624161,0.536,0.4178070842019664,22713
2022,"Angel Zerpa","KCR",2,37,2,8,0,0,3,2,2,3,0,0,3,0.23529412,0.2972973,0.41176471,0.31117134158675736,22717
2022,"Roansy Contreras","PIT",18,377,3.8129771,78,27,1,42,37,12,36,1,1,76,0.23076923,0.30503979,0.42307692,0.31632398623735347,22810
2022,"Luis Patino","TBR",6,98,8.1,26,6,0,18,18,6,13,1,1,11,0.31325301,0.40816327,0.60240964,0.4263909508272545,22815
2022,"Joan Adon","WSN",14,310,7.09793814,76,18,4,53,51,8,39,1,6,55,0.29007634,0.39158576,0.48091603,0.3793462472302573,22925
2022,"Michael Grove","LAD",6,126,3.81176471,29,5,1,18,12,6,9,0,0,24,0.24786325,0.3015873,0.46153846,0.32988010890900143,23221
2022,"Spencer Howard","TEX",8,162,7.41176471,46,12,1,30,28,10,13,1,1,25,0.31292517,0.37037037,0.6122449,0.41473781359121664,23252
2022,"Packy Naughton","STL",3,33,10.28571429,12,5,0,8,8,2,0,0,0,6,0.36363636,0.36363636,0.6969697,0.4506255135391698,23292
2022,"Janson Junk","LAA",2,33,7.36363637,9,2,0,6,6,1,3,0,0,10,0.3,0.36363636,0.46666667,0.3625543081399166,23301
2022,"Jose Butto","NYM",1,23,15.75,9,1,0,7,7,2,2,0,0,5,0.42857143,0.47826087,0.76190476,0.525481421014537,23313
2022,"JP Sears","2 Tms",11,225,4.2721519,57,9,1,26,25,7,19,1,1,36,0.27804878,0.34222222,0.43414634,0.33897446495081696,23429
2022,"Tommy Romero","2 Tms",2,34,15.18749998,10,0,1,11,9,6,9,0,0,3,0.4,0.55882353,1.2,0.6730469815871295,23465
2022,"Aaron Ashby","MIL",19,393,4.80681818,87,16,2,56,47,15,41,0,4,103,0.25290698,0.33673469,0.44186047,0.34008579564337826,23550
2022,"Luis Garcia","HOU",28,643,3.71822034,131,27,4,70,65,23,47,0,1,157,0.22241087,0.2788162,0.39898132,0.2948114733643992,23735
2022,"Ryan Weathers","SDP",1,21,9.81818181,6,1,0,4,4,0,4,0,0,3,0.35294118,0.47619048,0.41176471,0.4017003263745989,23796
2022,"Brayan Bello","BOS",11,245,4.81528662,69,15,1,32,28,1,24,0,1,49,0.31506849,0.38367347,0.40639269,0.3502277829209153,23920
2022,"Simeon Woods Richardson","MIN",1,20,3.6,3,0,0,3,2,1,2,0,0,3,0.16666667,0.25,0.33333333,0.26085954904556274,24494
2022,"Josiah Gray","WSN",28,649,5.02466368,136,20,4,84,83,38,66,1,8,154,0.23901582,0.32407407,0.48857645,0.349777398374755,24580
2022,"Kyle Bradish","BAL",23,509,4.89518414,119,18,0,68,64,17,46,0,7,111,0.26503341,0.33992095,0.41870824,0.3337900986077757,24586
2022,"Josh Winder","MIN",11,224,4.41509434,53,15,0,28,26,8,13,0,4,41,0.25853659,0.3125,0.44878049,0.3296795237277235,24606
2022,"Andrew Wantz","LAA",1,4,0,0,0,0,0,0,0,0,0,1,2,0,0.25,0,0.18005318939685822,24933
2022,"Cooper Criswell","TBR",1,13,2.7,2,0,0,1,1,0,1,0,0,4,0.16666667,0.23076923,0.16666667,0.188957351904649,24975
2022,"Evan Lee","WSN",1,19,4.9090909,4,0,0,2,2,0,3,0,1,2,0.26666667,0.42105263,0.26666667,0.3327288345286721,24988
2022,"Garrett Hill","DET",8,185,4.21875,38,9,0,22,20,6,18,0,3,21,0.23170732,0.31891892,0.39634146,0.3171454039779869,25097
2022,"Penn Murfee","SEA",1,8,0,1,1,0,0,0,0,1,0,0,2,0.14285714,0.25,0.28571429,0.24377761781215668,25174
2022,"Brady Singer","KCR",24,595,3.10835214,133,18,1,54,51,17,34,0,10,144,0.2440367,0.29949239,0.37431193,0.29760558714116286,25377
2022,"Sam Long","SFG",6,51,2.91891892,14,3,0,6,4,2,0,0,0,8,0.2745098,0.2745098,0.45098039,0.3114331610062543,25379
2022,"Drew Rasmussen","TBR",28,584,2.83561644,121,23,3,51,46,13,31,0,3,125,0.22201835,0.26678141,0.34678899,0.2697787936295987,25385
2022,"Cody Morris","CLE",5,89,2.17741935,19,3,0,7,5,3,11,0,0,20,0.24358974,0.33707865,0.3974359,0.3265919029042962,25388
2022,"George Kirby","SEA",25,542,3.39230769,135,23,2,54,49,13,22,0,5,133,0.26418787,0.29944547,0.39334638,0.3024762118589856,25436
2022,"Xzavion Curry","CLE",2,47,5.78571429,13,2,0,7,6,1,6,0,1,3,0.325,0.42553191,0.45,0.38906680903536206,25595
2022,"Hunter Gaddis","CLE",2,40,18.40909092,15,3,0,15,15,7,3,0,0,5,0.40540541,0.45,1.05405405,0.6193481773138046,25636
2022,"Matt Brash","SEA",5,95,7.65,24,2,0,17,17,3,17,0,1,19,0.31168831,0.44210526,0.45454545,0.3995893020378916,25756
2022,"Hunter Brown","HOU",2,44,1.5,8,2,1,2,2,0,3,0,0,11,0.19512195,0.25,0.29268293,0.24113137613643298,25880
2022,"Zack Thompson","STL",1,24,9,7,0,0,5,5,2,2,0,0,2,0.31818182,0.375,0.59090909,0.4141977032025655,25918
2022,"Beau Brieske","DET",15,339,4.1877551,73,10,1,39,38,14,25,0,1,54,0.23624595,0.29289941,0.41100324,0.30647272629850714,26079
2022,"Andre Pallante","STL",10,228,3.97546012,61,9,0,24,24,6,16,0,1,40,0.28909953,0.34210526,0.41706161,0.33413401324498027,26108
2022,"Caleb Kilian","CHC",3,56,10.32352941,11,4,0,15,13,0,12,1,1,9,0.26190476,0.42857143,0.35714286,0.35507745200937446,26213
2022,"Ryan Pepiot","LAD",7,137,4.0212766,22,4,0,14,14,6,22,0,3,36,0.19642857,0.34306569,0.39285714,0.3313659242469899,26221
2022,"Ryne Nelson","ARI",3,69,1.47272727,9,2,1,4,3,2,6,1,0,16,0.14516129,0.2173913,0.30645161,0.22422677278518677,26253
2022,"Drey Jameson","ARI",4,98,1.47945205,20,4,0,4,4,2,7,0,1,24,0.22222222,0.28571429,0.33333333,0.27658410887328944,26260
2022,"Tommy Henry","ARI",9,205,5.36170213,47,8,0,28,28,10,21,1,3,36,0.26256983,0.34803922,0.47486034,0.35654690318506926,26285
2022,"Bryan Hoeing","MIA",1,17,21,8,0,0,7,7,2,1,0,0,2,0.5,0.52941176,0.875,0.5962265729904175,26304
2022,"Ethan Small","MIL",2,33,7.10526316,8,4,0,5,5,1,8,0,0,7,0.32,0.48484848,0.6,0.46301252914197516,26364
2022,"Nick Lodolo","CIN",19,441,3.65806452,90,15,3,44,42,13,39,0,19,131,0.23498695,0.33560091,0.39164491,0.3250667804222799,26378
2022,"Alek Manoah","TOR",31,786,2.24237288,144,30,1,55,49,16,51,0,15,180,0.20196353,0.26785714,0.3141655,0.2605361420737237,26410
2022,"Reid Detmers","LAA",25,539,3.76744186,110,27,2,56,54,13,46,1,8,122,0.23060797,0.30483271,0.37735849,0.29991734471845005,27468
2022,"Cade Cavalli","WSN",1,23,14.53846155,6,3,0,7,7,0,2,0,3,6,0.33333333,0.47826087,0.5,0.4336569386979808,27473
2022,"Max Meyer","MIA",2,26,7.5,7,3,0,5,5,2,2,0,0,6,0.29166667,0.34615385,0.66666667,0.4259085930310763,27474
2022,"Spencer Strider","ATL",20,433,2.76708075,72,13,1,36,33,7,34,1,3,165,0.18274112,0.2517321,0.27411168,0.23719937920018477,27498
2022,"Kohei Arihara","TEX",4,96,10,32,10,0,20,20,4,10,0,3,13,0.38554217,0.46875,0.65060241,0.47771008498966694,27505
2022,"Jared Koenig","OAK",5,119,6.39473684,27,6,1,18,18,4,13,0,3,13,0.27,0.36440678,0.47,0.3619841615022239,27517
2022,"Graham Ashcraft","CIN",19,464,4.88571429,119,19,0,61,57,11,30,1,8,71,0.28132388,0.33836207,0.40425532,0.3264753300994313,27552
2022,"Hayden Wesneski","CHC",4,98,1.84931507,18,5,0,6,5,1,5,0,3,22,0.20224719,0.26530612,0.29213483,0.25091789997353847,27581
2022,"Luis Ortiz","PIT",4,69,4.5,8,2,0,9,8,1,10,0,0,17,0.13559322,0.26086957,0.22033898,0.2304586811342101,27646
2022,"Ken Waldichuk","OAK",7,146,4.93269231,32,12,1,19,19,5,10,0,4,33,0.24427481,0.31506849,0.46564885,0.33726899836161367,27681
2022,"Louie Varland","MIN",5,106,3.80769231,26,5,1,11,11,4,6,1,1,21,0.26262626,0.31132075,0.45454545,0.3285931138765244,27691
2022,"Bryce Elder","ATL",9,214,2.78709677,39,10,0,16,16,4,23,1,2,45,0.20855615,0.30046948,0.32620321,0.2810935777313304,27779
2022,"Chase Silseth","LAA",7,129,6.59302326,33,8,0,21,21,7,12,0,1,24,0.28695652,0.359375,0.53913043,0.3866428197361529,30074