Season,Name,Tm,IP,TBF,GB/FB,LD%,GB%,FB%,IFFB%,HR/FB,IFH%,BUH%,Pull%,Cent%,Oppo%,Soft%,Med%,Hard%,playerId
2022,"Matt Bush","2 Tms",5.1,21,1.4,0.07692308,0.53846154,0.38461538,0,0.2,0,0,0.38461538,0.23076923,0.38461538,0.07692308,0.76923077,0.15384615,1246
2022,"Zack Greinke","KCR",137,585,1.16470588,0.23333333,0.4125,0.35416667,0.08823529,0.08235294,0.06565657,0,0.40041494,0.34232365,0.25726141,0.16182573,0.53526971,0.30290456,1943
2022,"Clayton Kershaw","LAD",126.1,493,1.40909091,0.19452888,0.47112462,0.3343465,0.1,0.09090909,0.09032258,0,0.48640483,0.31722054,0.19637462,0.18731118,0.52870091,0.28398792,2036
2022,"Adam Wainwright","STL",191.2,803,1.31472081,0.23873122,0.43238731,0.32888147,0.07614213,0.08121827,0.05405405,0,0.44073456,0.32387312,0.23539232,0.14524207,0.5442404,0.31051753,2233
2022,"Corey Kluber","TBR",164,689,0.85981308,0.21960784,0.36078431,0.41960784,0.1728972,0.09345794,0.04347826,0.55555556,0.40077071,0.37572254,0.22350674,0.1849711,0.54913295,0.26589595,2429
2022,"Lance Lynn","CHW",121.2,512,1.11029412,0.19607843,0.42296919,0.38095238,0.08823529,0.13970588,0.13245033,0,0.41504178,0.3454039,0.23955432,0.17548747,0.49860724,0.32590529,2520
2022,"Max Scherzer","NYM",145.1,565,0.62643678,0.19373219,0.31054131,0.4957265,0.13218391,0.07471264,0.11009174,0.16666667,0.37815126,0.34733894,0.2745098,0.22689076,0.50420168,0.26890756,3137
2022,"Anibal Sanchez","WSN",69.1,292,0.84615385,0.17241379,0.37931034,0.44827586,0.14285714,0.14285714,0.05194805,0.5,0.42028986,0.30917874,0.2705314,0.14492754,0.50724638,0.34782609,3284
2022,"Charlie Morton","ATL",172,728,1.02941176,0.21590909,0.39772727,0.38636364,0.08823529,0.16470588,0.05142857,0,0.37104072,0.35294118,0.2760181,0.16289593,0.53393665,0.30316742,4676
2022,"Rich Hill","BOS",124.1,526,1,0.1967655,0.40161725,0.40161725,0.13422819,0.10067114,0.09395973,0.8,0.46276596,0.34042553,0.19680851,0.16489362,0.56648936,0.26861702,4806
2022,"Michael Pineda","DET",46.2,200,0.90277778,0.1746988,0.39156627,0.43373494,0.125,0.18055556,0.03076923,0,0.43975904,0.28313253,0.27710843,0.12650602,0.53012048,0.34337349,5372
2022,"Jesse Chavez","ATL",1,6,0.25,0.16666667,0.16666667,0.66666667,0,0,0,0,0.16666667,0.5,0.33333333,0,0.33333333,0.66666667,5448
2022,"Madison Bumgarner","ARI",158.2,698,0.88073394,0.21153846,0.36923077,0.41923077,0.08256881,0.1146789,0.07291667,0.5,0.47727273,0.32386364,0.19886364,0.11931818,0.49621212,0.3844697,5524
2022,"David Phelps","TOR",1,4,2,0.33333333,0.66666667,0,0,0,0,0,0.33333333,0.33333333,0.33333333,0,0.33333333,0.66666667,6316
2022,"Chris Archer","MIN",102.2,437,1.18018018,0.19333333,0.43666667,0.37,0.06306306,0.10810811,0.04580153,0,0.38870432,0.34219269,0.26910299,0.13953488,0.48837209,0.37209302,6345
2022,"Jake Odorizzi","2 Tms",106.1,453,0.67973856,0.21646341,0.31707317,0.46646341,0.14379085,0.09150327,0.07692308,0,0.31306991,0.36778116,0.31914894,0.19452888,0.56231003,0.24316109,6397
2022,"Alex Cobb","SFG",149.2,631,2.97727273,0.17840376,0.61502347,0.20657277,0.04545455,0.10227273,0.07633588,0.42857143,0.44572748,0.31639723,0.23787529,0.16397229,0.55196305,0.28406467,6562
2022,"Carlos Carrasco","NYM",152,645,1.43971631,0.21995465,0.46031746,0.31972789,0.06382979,0.12056738,0.06896552,1,0.4469526,0.31602709,0.23702032,0.16027088,0.5214447,0.31828442,6632
2022,"Johnny Cueto","CHW",153.1,630,1.10638298,0.19018405,0.42535787,0.38445808,0.09042553,0.07446809,0.06730769,0.6,0.39271255,0.37651822,0.23076923,0.17408907,0.52834008,0.29757085,6893
2022,"Chase Anderson","CIN",22.1,94,1.75,0.2,0.50909091,0.29090909,0.125,0.125,0.07142857,0,0.49090909,0.34545455,0.16363636,0.21818182,0.52727273,0.25454545,6895
2022,"Martin Perez","TEX",196.1,821,1.72619048,0.18794326,0.5141844,0.29787234,0.07142857,0.06547619,0.07586207,0.33333333,0.39409722,0.375,0.23090278,0.14583333,0.59722222,0.25694444,6902
2022,"Fernando Cruz","CIN",3.1,11,0.25,0.28571429,0.14285714,0.57142857,0.25,0,0,0,0.28571429,0.71428571,0,0.14285714,0.57142857,0.28571429,7048
2022,"Craig Stammen","SDP",3,18,1,0.33333333,0.33333333,0.33333333,0,0.25,0,0,0.58333333,0.33333333,0.08333333,0.08333333,0.75,0.16666667,7274
2022,"Jordan Lyles","BAL",179,774,1,0.1957672,0.4021164,0.4021164,0.10526316,0.11403509,0.06140351,0.33333333,0.44385965,0.33859649,0.21754386,0.16491228,0.53157895,0.30350877,7593
2022,"Wily Peralta","DET",2,9,1,0.33333333,0.33333333,0.33333333,0,0,0,0,0.33333333,0.33333333,0.33333333,0.33333333,0.33333333,0.33333333,7738
2022,"Richard Bleier","MIA",1,5,1,0.33333333,0.33333333,0.33333333,0,0,0,0,0.33333333,0.66666667,0,0,0.66666667,0.33333333,7803
2022,"Bryan Shaw","CLE",4.1,23,0.8,0.4,0.26666667,0.33333333,0,0,0,0,0.46666667,0.4,0.13333333,0.06666667,0.53333333,0.4,8110
2022,"Paolo Espino","WSN",83.2,368,1,0.18978102,0.40510949,0.40510949,0.04504505,0.1981982,0.08108108,0.5,0.46071429,0.30357143,0.23571429,0.13928571,0.50357143,0.35714286,8246
2022,"Justin Verlander","HOU",175,666,0.87046632,0.18510158,0.37923251,0.43566591,0.19689119,0.06217617,0.05952381,0.66666667,0.33408072,0.38565022,0.28026906,0.21300448,0.49327354,0.29372197,8700
2022,"Wade Miley","CHC",35,152,1.75757576,0.14953271,0.54205607,0.30841121,0.18181818,0.09090909,0.0862069,0,0.42592593,0.30555556,0.26851852,0.18518519,0.53703704,0.27777778,8779
2022,"Nathan Eovaldi","BOS",109.1,460,1.28688525,0.16467066,0.47005988,0.36526946,0.1147541,0.17213115,0.07643312,0,0.41369048,0.36309524,0.22321429,0.13690476,0.47916667,0.38392857,9132
2022,"Patrick Corbin","WSN",152.2,713,1.34104046,0.22857143,0.44190476,0.32952381,0.07514451,0.15606936,0.10344828,0.5,0.3705104,0.38185255,0.24763705,0.13610586,0.46502836,0.39886578,9323
2022,"Dallas Keuchel","3 Tms",60.2,303,1.78125,0.21585903,0.50220264,0.28193833,0.03125,0.171875,0.0877193,0,0.46255507,0.34361233,0.1938326,0.16740088,0.54625551,0.28634361,9434
2022,"Joe Kelly","CHW",1,7,2,0,0.66666667,0.33333333,0,0,0,0,0.33333333,0,0.66666667,0.33333333,0.33333333,0.33333333,9761
2022,"Garrett Richards","TEX",3,14,2.5,0.22222222,0.55555556,0.22222222,0,0.5,0,0,0.22222222,0.33333333,0.44444444,0,0.55555556,0.44444444,9784
2022,"Miles Mikolas","STL",199.1,793,1.30243902,0.2027027,0.45101351,0.34628378,0.09268293,0.12195122,0.06741573,0.5,0.41919192,0.32154882,0.25925926,0.18855219,0.51851852,0.29292929,9803
2022,"Mike Minor","CIN",98,455,0.7739726,0.21276596,0.34346505,0.443769,0.15753425,0.16438356,0.07964602,1,0.49698795,0.30120482,0.20180723,0.17168675,0.52108434,0.30722892,10021
2022,"Kyle Gibson","PHI",167.2,718,1.3583815,0.203125,0.45898438,0.33789063,0.08092486,0.13872832,0.04255319,0,0.41586074,0.37911025,0.20502901,0.15087041,0.57253385,0.27659574,10123
2022,"Stephen Strasburg","WSN",4.2,23,1,0.23076923,0.38461538,0.38461538,0.2,0.2,0.2,1,0.4,0.33333333,0.26666667,0.06666667,0.66666667,0.26666667,10131
2022,"Zack Wheeler","PHI",153,607,1.39393939,0.21197007,0.45885287,0.32917706,0.09090909,0.09848485,0.05978261,0,0.42431762,0.32009926,0.25558313,0.21836228,0.50868486,0.27295285,10310
2022,"Erasmo Ramirez","WSN",6,28,0.7,0.10526316,0.36842105,0.52631579,0.2,0.3,0,0,0.52631579,0.36842105,0.10526316,0.31578947,0.31578947,0.36842105,10314
2022,"Mychal Givens","NYM",1,4,2,0.25,0.5,0.25,0,0,0,0,0.75,0,0.25,0.25,0.5,0.25,10430
2022,"Scott Alexander","SFG",4.1,17,10,0.21428571,0.71428571,0.07142857,0,0,0.2,1,0.66666667,0.2,0.13333333,0.4,0.46666667,0.13333333,10591
2022,"Chris Sale","BOS",5.2,25,3,0.33333333,0.5,0.16666667,0,0,0.11111111,0,0.33333333,0.44444444,0.22222222,0.16666667,0.44444444,0.38888889,10603
2022,"Andrew Bellatti","PHI",1,5,0,0.5,0,0.5,0,0,0,0,0.5,0,0.5,0,0.5,0.5,10657
2022,"Drew Hutchison","DET",89.2,392,1.10714286,0.22368421,0.40789474,0.36842105,0.08928571,0.125,0.08064516,1,0.43973941,0.30944625,0.25081433,0.12052117,0.53745928,0.34201954,10732
2022,"Jacob deGrom","NYM",64.1,239,0.94339623,0.18897638,0.39370079,0.41732283,0.0754717,0.16981132,0.02,0.5,0.31782946,0.39534884,0.28682171,0.10077519,0.55813953,0.34108527,10954
2022,"Merrill Kelly","ARI",200.1,804,1.12735849,0.19320215,0.42754919,0.37924866,0.10377358,0.0990566,0.05020921,0.4,0.42907801,0.35992908,0.21099291,0.14893617,0.56560284,0.28546099,11156
2022,"Vince Velasquez","CHW",39.1,173,0.75,0.19008264,0.34710744,0.46280992,0.125,0.14285714,0.07142857,0,0.36885246,0.33606557,0.29508197,0.12295082,0.51639344,0.36065574,11189
2022,"Jose Quintana","2 Tms",165.2,679,1.49342105,0.22494888,0.46421268,0.31083845,0.07894737,0.05263158,0.05726872,0.5,0.37881874,0.3808554,0.24032587,0.18940937,0.52138493,0.2892057,11423
2022,"Robbie Ray","SEA",189,775,0.9368932,0.18902439,0.39227642,0.41869919,0.10679612,0.15533981,0.04663212,1,0.4291498,0.32793522,0.24291498,0.15789474,0.51012146,0.33198381,11486
2022,"Aaron Sanchez","2 Tms",44,201,1.79069767,0.2,0.51333333,0.28666667,0,0.13953488,0.02597403,0.6,0.38064516,0.41290323,0.20645161,0.07741935,0.55483871,0.36774194,11490
2022,"Jose Urena","COL",89.1,396,1.79518072,0.21621622,0.50337838,0.28040541,0.07228916,0.12048193,0.0738255,0,0.46801347,0.31986532,0.21212121,0.16498316,0.5016835,0.33333333,11589
2022,"Jameson Taillon","NYY",177.1,728,1.01904762,0.20599251,0.40074906,0.39325843,0.12380952,0.12380952,0.06074766,0.6,0.432282,0.34879406,0.21892393,0.17254174,0.51020408,0.31725417,11674
2022,"Drew Smyly","CHC",106.1,447,0.94890511,0.17592593,0.40123457,0.42283951,0.1459854,0.11678832,0.03846154,0,0.48307692,0.29846154,0.21846154,0.19384615,0.48615385,0.32,11760
2022,"Noah Syndergaard","2 Tms",132.2,557,1.10429448,0.19103774,0.4245283,0.38443396,0.11042945,0.08588957,0.07222222,0.6,0.42890443,0.35431235,0.21678322,0.17249417,0.54312354,0.28438228,11762
2022,"Taijuan Walker","NYM",157.1,649,1.36942675,0.2,0.46236559,0.33763441,0.14012739,0.0955414,0.05581395,0,0.43133047,0.35407725,0.21459227,0.17381974,0.527897,0.29828326,11836
2022,"Kyle Hendricks","CHC",84.1,356,0.84684685,0.21153846,0.36153846,0.42692308,0.0990991,0.13513514,0.04255319,0.5,0.40076336,0.32824427,0.27099237,0.1870229,0.49618321,0.31679389,12049
2022,"Chris Bassitt","NYM",181.2,745,1.43678161,0.171875,0.48828125,0.33984375,0.09195402,0.1091954,0.068,0.66666667,0.37864078,0.32815534,0.29320388,0.22135922,0.52621359,0.25242718,12304
2022,"Jerad Eickhoff","PIT",4.1,27,1.14285714,0.21052632,0.42105263,0.36842105,0.14285714,0.28571429,0,0,0.31578947,0.47368421,0.21052632,0.21052632,0.36842105,0.42105263,12664
2022,"Adrian Houser","MIL",100.2,448,1.54545455,0.23404255,0.46504559,0.30091185,0.13131313,0.08080808,0.06535948,0.66666667,0.40963855,0.36445783,0.22590361,0.18373494,0.43975904,0.37650602,12718
2022,"Nick Martinez","SDP",52.1,230,1.39215686,0.21290323,0.45806452,0.32903226,0.05882353,0.17647059,0.01408451,0,0.43225806,0.4,0.16774194,0.11612903,0.56774194,0.31612903,12730
2022,"Sonny Gray","MIN",119.2,488,1.24786325,0.19817073,0.44512195,0.35670732,0.17094017,0.09401709,0.06164384,0,0.41945289,0.40121581,0.17933131,0.19756839,0.49240122,0.3100304,12768
2022,"John Brebbia","SFG",11,43,0.93333333,0.14705882,0.41176471,0.44117647,0.06666667,0,0.07142857,0,0.38235294,0.32352941,0.29411765,0.17647059,0.58823529,0.23529412,12777
2022,"Matt Wisler","TBR",7.2,28,0.77777778,0.2,0.35,0.45,0.22222222,0.11111111,0.14285714,0,0.45,0.3,0.25,0.3,0.45,0.25,12804
2022,"Mike Clevinger","SDP",112.1,475,0.74683544,0.18584071,0.3480826,0.4660767,0.11392405,0.12658228,0.06779661,0,0.4516129,0.31085044,0.23753666,0.18475073,0.52199413,0.29325513,12808
2022,"Shawn Armstrong","TBR",7.2,27,3.75,0.05,0.75,0.2,0,0.25,0,0,0.5,0.25,0.25,0.05,0.75,0.2,12857
2022,"Tyler Anderson","LAD",170.2,677,0.92056075,0.17964072,0.39321357,0.42714571,0.11682243,0.06542056,0.05076142,0.2,0.38932806,0.33596838,0.27470356,0.20355731,0.5256917,0.27075099,12880
2022,"Dylan Bundy","MIN",140,595,0.74299065,0.2012848,0.34047109,0.45824411,0.10280374,0.11214953,0.08805031,0.66666667,0.44255319,0.31489362,0.24255319,0.17446809,0.50425532,0.3212766,12917
2022,"Joe Musgrove","SDP",181,740,1.23463687,0.19191919,0.44646465,0.36161616,0.11731844,0.12290503,0.04524887,0.5,0.40881764,0.35270541,0.23847695,0.19839679,0.53306613,0.26853707,12970
2022,"Anthony DeSclafani","SFG",19,94,1.19230769,0.1971831,0.43661972,0.36619718,0.03846154,0.15384615,0.06451613,0,0.41666667,0.38888889,0.19444444,0.11111111,0.59722222,0.29166667,13050
2022,"Yu Darvish","SDP",194.2,771,0.84210526,0.19385797,0.36852207,0.43761996,0.06578947,0.09649123,0.046875,0.75,0.43047619,0.31809524,0.25142857,0.18095238,0.52190476,0.29714286,13074
2022,"Gerrit Cole","NYY",200.2,793,1.04591837,0.16977226,0.42443064,0.4057971,0.07653061,0.16836735,0.06829268,0,0.36853002,0.3436853,0.28778468,0.15113872,0.53416149,0.31469979,13125
2022,"Eduardo Rodriguez","DET",91,391,1.16346154,0.19354839,0.43369176,0.37275986,0.08653846,0.11538462,0.10743802,0,0.39575972,0.35335689,0.25088339,0.15547703,0.55477032,0.28975265,13164
2022,"Zach Davies","ARI",134.1,570,1.08074534,0.17487685,0.42857143,0.39655172,0.10559006,0.13043478,0.05747126,0.25,0.41304348,0.35990338,0.22705314,0.18357488,0.51449275,0.30193237,13183
2022,"Ross Stripling","TOR",123.1,486,1.0979021,0.18256131,0.42779292,0.38964578,0.11188811,0.07692308,0.05732484,0,0.40540541,0.32162162,0.27297297,0.15405405,0.54594595,0.3,13273
2022,"Adrian Sampson","CHC",98.2,408,0.992,0.19677419,0.4,0.40322581,0.08,0.08,0.05645161,0,0.40192926,0.36334405,0.23472669,0.15755627,0.59163987,0.25080386,13339
2022,"Luis Cessa","CIN",44,181,1.13461538,0.17777778,0.43703704,0.38518519,0.09615385,0.15384615,0.10169492,0,0.44117647,0.39705882,0.16176471,0.125,0.55147059,0.32352941,13345
2022,"Steven Matz","STL",42.2,186,1.04545455,0.27419355,0.37096774,0.35483871,0.06818182,0.18181818,0.08695652,0,0.38709677,0.34677419,0.26612903,0.18548387,0.55645161,0.25806452,13361
2022,"Marcus Stroman","CHC",138.2,569,1.82608696,0.19950739,0.51724138,0.28325123,0.06956522,0.13913043,0.05238095,0.25,0.3902439,0.37073171,0.23902439,0.17804878,0.53414634,0.28780488,13431
2022,"Daniel Norris","2 Tms",11,50,2.42857143,0.25,0.53125,0.21875,0,0,0.05882353,1,0.36363636,0.33333333,0.3030303,0.18181818,0.51515152,0.3030303,13475
2022,"Blake Snell","SDP",128,535,0.85606061,0.20711974,0.36569579,0.42718447,0.09090909,0.08333333,0.07964602,0,0.33762058,0.36012862,0.3022508,0.14790997,0.50482315,0.34726688,13543
2022,"Jakob Junis","SFG",84,365,1.20430108,0.23791822,0.41635688,0.34572491,0.07526882,0.12903226,0.0625,0.5,0.39114391,0.36900369,0.2398524,0.13284133,0.58671587,0.2804428,13619
2022,"Max Fried","ATL",185.1,733,1.72727273,0.19230769,0.51153846,0.29615385,0.09090909,0.07792208,0.05639098,0.42857143,0.39658444,0.34724858,0.25616698,0.19924099,0.55597723,0.24478178,13743
2022,"Chris Stratton","PIT",2.1,9,0.16666667,0.22222222,0.11111111,0.66666667,0,0,0,0,0.11111111,0.44444444,0.44444444,0,0.44444444,0.55555556,13761
2022,"JT Chargois","TBR",4,17,0.625,0.07142857,0.35714286,0.57142857,0,0.125,0,0,0.21428571,0.57142857,0.21428571,0.21428571,0.35714286,0.42857143,13767
2022,"Zach Eflin","PHI",68,285,1.16666667,0.19138756,0.4354067,0.37320574,0.07692308,0.1025641,0.02197802,1,0.44761905,0.30952381,0.24285714,0.23809524,0.55238095,0.20952381,13774
2022,"Alex Wood","SFG",130.2,555,1.55084746,0.20789474,0.48157895,0.31052632,0.05932203,0.1440678,0.08743169,0,0.39790576,0.37172775,0.23036649,0.15445026,0.58115183,0.26439791,13781
2022,"Alec Mills","CHC",3,17,0.57142857,0.15384615,0.30769231,0.53846154,0.14285714,0.42857143,0,0,0.69230769,0.15384615,0.15384615,0.07692308,0.38461538,0.53846154,13834
2022,"Chris Flexen","SEA",121,522,0.72881356,0.21134021,0.33247423,0.45618557,0.10169492,0.0960452,0.07751938,0.4,0.35114504,0.36386768,0.28498728,0.15776081,0.52926209,0.3129771,13896
2022,"Michael Wacha","BOS",127.1,515,1.06206897,0.20478723,0.40957447,0.3856383,0.14482759,0.12413793,0.06493506,0,0.44148936,0.34308511,0.21542553,0.18882979,0.50797872,0.30319149,14078
2022,"Kevin Gausman","TOR",174.2,725,1.08522727,0.24640657,0.39219713,0.3613963,0.07386364,0.08522727,0.09424084,0,0.36659878,0.34215886,0.29124236,0.15885947,0.53767821,0.30346232,14107
2022,"Lance McCullers Jr.","HOU",47.2,195,1.60526316,0.18852459,0.5,0.31147541,0.07894737,0.10526316,0.03278689,0,0.41463415,0.33333333,0.25203252,0.17073171,0.6097561,0.2195122,14120
2022,"Jose Berrios","TOR",172,753,1.01395349,0.19963031,0.40295749,0.3974122,0.07906977,0.13488372,0.05045872,0.8,0.36263736,0.35897436,0.27838828,0.15750916,0.53479853,0.30769231,14168
2022,"Frankie Montas","2 Tms",144.1,608,1.32624113,0.2,0.45609756,0.34390244,0.14184397,0.12765957,0.06951872,0.6,0.42650602,0.34939759,0.22409639,0.19036145,0.53012048,0.27951807,14309
2022,"Ty Blach","COL",3,15,1,0.28571429,0.35714286,0.35714286,0.2,0,0,0,0.28571429,0.35714286,0.35714286,0.28571429,0.14285714,0.57142857,14361
2022,"Tyler Glasnow","TBR",6.2,26,0.71428571,0.14285714,0.35714286,0.5,0,0.14285714,0,0,0.57142857,0.28571429,0.14285714,0,0.35714286,0.64285714,14374
2022,"Jackson Stephens","ATL",3,15,1,0.53846154,0.23076923,0.23076923,0,0,0,0,0.30769231,0.07692308,0.61538462,0.23076923,0.53846154,0.23076923,14420
2022,"Hyun Jin Ryu","TOR",27,113,1.23529412,0.17391304,0.45652174,0.36956522,0.02941176,0.14705882,0.02380952,0,0.47311828,0.32258065,0.20430108,0.09677419,0.52688172,0.37634409,14444
2022,"Chi Chi Gonzalez","3 Tms",19.2,84,1.30434783,0.1969697,0.45454545,0.34848485,0.08695652,0.17391304,0.06666667,0,0.48484848,0.25757576,0.25757576,0.18181818,0.46969697,0.34848485,14663
2022,"Duane Underwood Jr.","PIT",1,5,3,0,0.75,0.25,0,0,0.33333333,0,0.5,0.25,0.25,0.25,0.5,0.25,14677
2022,"Anthony Banda","TOR",0.1,4,1,0.66666667,0.33333333,0,0,0,0,0,0.33333333,0.33333333,0.33333333,0,1,0,14706
2022,"Paul Blackburn","OAK",111.1,467,1.49074074,0.20882353,0.47352941,0.31764706,0.09259259,0.13888889,0.06832298,0.33333333,0.42565598,0.36443149,0.20991254,0.16618076,0.52769679,0.30612245,14739
2022,"Julio Urias","LAD",175,689,0.87793427,0.1507431,0.3970276,0.4522293,0.14084507,0.10798122,0.0855615,0.5,0.42348008,0.34171908,0.23480084,0.21383648,0.50733753,0.278826,14765
2022,"Michael Lorenzen","LAA",97.2,411,1.56179775,0.17689531,0.50180505,0.32129964,0.11235955,0.12359551,0.05755396,0,0.41726619,0.32733813,0.25539568,0.17625899,0.55395683,0.26978417,14843
2022,"Caleb Smith","ARI",1,9,1,0,0.5,0.5,0,1,0,0,0.25,0.5,0.25,0.25,0,0.75,14875
2022,"Jon Gray","TEX",127.1,521,1.25,0.20588235,0.44117647,0.35294118,0.1,0.14166667,0.03333333,0.5,0.3245614,0.39473684,0.28070175,0.19883041,0.48830409,0.3128655,14916
2022,"Chad Kuhl","COL",137,617,0.92,0.23636364,0.36590909,0.39772727,0.09714286,0.14285714,0.04347826,0,0.4481982,0.31306306,0.23873874,0.13513514,0.48423423,0.38063063,14975
2022,"German Marquez","COL",181.2,779,1.49438202,0.20572451,0.47584973,0.31842576,0.06741573,0.16853933,0.05263158,0.33333333,0.39323843,0.3683274,0.23843416,0.11032028,0.52846975,0.36120996,15038
2022,"Austin Voth","BAL",76.1,318,0.68932039,0.22666667,0.31555556,0.45777778,0.10679612,0.08737864,0.05633803,1,0.38053097,0.31415929,0.30530973,0.17256637,0.53982301,0.28761062,15047
2022,"Luke Farrell","CHC",6.1,27,0.4,0.36363636,0.18181818,0.45454545,0.2,0.2,0,0,0.45454545,0.18181818,0.36363636,0.13636364,0.36363636,0.5,15101
2022,"Jimmy Yacabonis","TBR",1,5,0,0.25,0,0.75,0,0,0,0,0.25,0.75,0,0.25,0.25,0.5,15157
2022,"Austin Pruitt","OAK",5,17,1.5,0,0.6,0.4,0.16666667,0,0.11111111,0,0.33333333,0.4,0.26666667,0.13333333,0.6,0.26666667,15290
2022,"Andrew Heaney","LAD",64.2,277,0.76470588,0.19463087,0.34899329,0.45637584,0.08823529,0.19117647,0.11538462,0.5,0.41176471,0.33986928,0.24836601,0.16993464,0.49019608,0.33986928,15423
2022,"Mike Mayers","LAA",14.2,63,1.375,0.15555556,0.48888889,0.35555556,0.1875,0.1875,0.04545455,0,0.42222222,0.37777778,0.2,0.06666667,0.57777778,0.35555556,15451
2022,"Nick Pivetta","BOS",179.2,773,0.91743119,0.19615385,0.38461538,0.41923077,0.12844037,0.12385321,0.085,0,0.42884615,0.34230769,0.22884615,0.15769231,0.5,0.34230769,15454
2022,"Marco Gonzales","SEA",183,783,1.06557377,0.18578352,0.42003231,0.39418417,0.11885246,0.12295082,0.1,0.25,0.46548957,0.30979133,0.2247191,0.18138042,0.55377207,0.26484751,15467
2022,"Lucas Giolito","CHW",161.2,698,1.04790419,0.24669604,0.38546256,0.36784141,0.04790419,0.14371257,0.05714286,0.5,0.37938596,0.34649123,0.27412281,0.13815789,0.57675439,0.28508772,15474
2022,"Antonio Senzatela","COL",92.1,413,2.0125,0.2607362,0.49386503,0.24539877,0.075,0.1125,0.0621118,0.28571429,0.33933934,0.35435435,0.30630631,0.13513514,0.53153153,0.33333333,15488
2022,"Mark Leiter Jr.","CHC",14.1,65,1.05882353,0.22222222,0.4,0.37777778,0.05882353,0.29411765,0,0,0.42222222,0.31111111,0.26666667,0.17777778,0.48888889,0.33333333,15551
2022,"Luis Castillo","2 Tms",150.1,615,1.4,0.19587629,0.46907216,0.33505155,0.10769231,0.1,0.07142857,0.5,0.43147208,0.32741117,0.24111675,0.14467005,0.54060914,0.31472081,15689
2022,"Brad Keller","KCR",122.1,531,1.69747899,0.19346734,0.50753769,0.29899497,0.06722689,0.13445378,0.05445545,0,0.38596491,0.38847118,0.22556391,0.13283208,0.57894737,0.28822055,15734
2022,"Sean Manaea","SDP",153,652,0.88888889,0.19413093,0.37923251,0.42663657,0.08465608,0.15343915,0.07738095,0.5,0.4454343,0.33853007,0.21603563,0.14699332,0.53006682,0.32293987,15873
2022,"Luis Severino","NYY",102,405,1.11881188,0.16078431,0.44313725,0.39607843,0.04950495,0.13861386,0.04424779,0.25,0.42084942,0.35135135,0.22779923,0.16602317,0.50965251,0.32432432,15890
2022,"Zach Thompson","PIT",102.1,456,1.34821429,0.21492537,0.45074627,0.33432836,0.13392857,0.16964286,0.05298013,1,0.46587537,0.30267062,0.23145401,0.17804154,0.50445104,0.31750742,16094
2022,"Chris Ellis","BAL",4.1,25,1.6,0.1875,0.5,0.3125,0,0,0.125,0,0.375,0.375,0.25,0.1875,0.625,0.1875,16125
2022,"Carlos Rodon","SFG",178,710,0.76630435,0.21307506,0.34140436,0.44552058,0.13043478,0.06521739,0.08510638,0.25,0.34532374,0.36690647,0.28776978,0.17745803,0.52997602,0.29256595,16137
2022,"Aaron Nola","PHI",205,807,1.19170984,0.19886364,0.43560606,0.3655303,0.06217617,0.0984456,0.05217391,0.33333333,0.42696629,0.31835206,0.25468165,0.1741573,0.52808989,0.29775281,16149
2022,"Brandon Woodruff","MIL",153.1,620,0.86585366,0.19047619,0.37566138,0.43386243,0.07926829,0.1097561,0.0915493,0.33333333,0.37532808,0.31496063,0.30971129,0.18372703,0.49868766,0.3175853,16162
2022,"Kyle Freeland","COL",174.2,766,1.18090452,0.225,0.41964286,0.35535714,0.10050251,0.09547739,0.06808511,0.66666667,0.43992933,0.36925795,0.19081272,0.15194346,0.48233216,0.36572438,16256
2022,"John Means","BAL",8,34,1.11111111,0.24,0.4,0.36,0.22222222,0,0.1,0,0.56,0.28,0.16,0.28,0.48,0.24,16269
2022,"Jesus Tinoco","TEX",3,14,0.2,0.14285714,0.14285714,0.71428571,0.2,0.2,0,1,0.25,0.375,0.375,0.25,0.25,0.5,16300
2022,"Tyler Mahle","2 Tms",120.2,503,0.75974026,0.17629179,0.3556231,0.46808511,0.11038961,0.1038961,0.05982906,0,0.39156627,0.3253012,0.28313253,0.1686747,0.53915663,0.29216867,16358
2022,"Reynaldo Lopez","CHW",2,7,1,0.5,0.25,0.25,0,0,0,0,0.25,0.5,0.25,0,0.75,0.25,16400
2022,"Yonny Chirinos","TBR",4,16,5.5,0,0.84615385,0.15384615,0,0,0,0,0.38461538,0.53846154,0.07692308,0,0.69230769,0.30769231,16401
2022,"Ryan Yarbrough","TBR",40.1,176,0.73584906,0.25806452,0.31451613,0.42741935,0.18867925,0.05660377,0.1025641,1,0.368,0.4,0.232,0.184,0.56,0.256,16502
2022,"Jordan Montgomery","2 Tms",178.1,724,1.50617284,0.208577,0.47563353,0.31578947,0.07407407,0.12962963,0.04098361,0.44444444,0.38697318,0.36206897,0.25095785,0.151341,0.56896552,0.27969349,16511
2022,"Austin Gomber","COL",87.2,377,1.09615385,0.21582734,0.41007194,0.37410072,0.04807692,0.125,0.05263158,0.5,0.43262411,0.36524823,0.20212766,0.15248227,0.5248227,0.32269504,16561
2022,"Erik Swanson","SEA",2,6,1.5,0,0.6,0.4,0,0,0,0,0.6,0.2,0.2,0.4,0.4,0.2,16587
2022,"J.P. Feyereisen","TBR",4,12,0.16666667,0,0.14285714,0.85714286,0.5,0,0,0,0.14285714,0.28571429,0.57142857,0.57142857,0.14285714,0.28571429,16610
2022,"Julian Merryweather","TOR",1,5,3,0,0.75,0.25,1,0,0,0,0.5,0.25,0.25,0.25,0.5,0.25,16703
2022,"Luke Weaver","ARI",3.2,22,1.5,0.375,0.375,0.25,0.25,0.25,0,0,0.4375,0.3125,0.25,0.0625,0.4375,0.5,16918
2022,"Touki Toussaint","LAA",7.2,33,1.33333333,0.125,0.5,0.375,0.16666667,0,0,1,0.47058824,0.17647059,0.35294118,0.11764706,0.58823529,0.29411765,16929
2022,"Elieser Hernandez","MIA",46.2,207,0.55421687,0.12837838,0.31081081,0.56081081,0.12048193,0.1686747,0.17391304,0.5,0.44,0.30666667,0.25333333,0.2,0.48,0.32,16933
2022,"Sean Newcomb","CHC",3,13,0.8,0.25,0.33333333,0.41666667,0.2,0.2,0,0,0.25,0.5,0.25,0.25,0.5,0.25,16943
2022,"Trevor Williams","NYM",38.2,159,0.83333333,0.175,0.375,0.45,0.05555556,0.14814815,0.04444444,1,0.38842975,0.38842975,0.2231405,0.14049587,0.51239669,0.34710744,16977
2022,"Daniel Mengden","KCR",2.2,14,1,0.45454545,0.27272727,0.27272727,0,0.33333333,0,0,0.54545455,0.09090909,0.36363636,0.45454545,0.09090909,0.45454545,16980
2022,"Tyler Beede","PIT",15,78,1.14285714,0.1509434,0.45283019,0.39622642,0.14285714,0.14285714,0.04166667,0,0.41509434,0.39622642,0.18867925,0.20754717,0.39622642,0.39622642,16981
2022,"Pablo Lopez","MIA",180,736,1.38554217,0.20641283,0.46092184,0.33266533,0.10240964,0.12650602,0.04782609,0.5,0.44111776,0.32934132,0.22954092,0.1756487,0.5489022,0.2754491,17085
2022,"Austin Davis","BOS",6.1,22,2,0,0.66666667,0.33333333,0,0,0.125,0,0.58333333,0.08333333,0.33333333,0.08333333,0.75,0.16666667,17117
2022,"Domingo German","NYY",70.2,291,0.97727273,0.17924528,0.40566038,0.41509434,0.19318182,0.125,0.11627907,1,0.46948357,0.36150235,0.16901408,0.14553991,0.56807512,0.28638498,17149
2022,"Gabe Speier","KCR",2,6,0.66666667,0,0.4,0.6,0,0,0,0,0.4,0.2,0.4,0,1,0,17170
2022,"Jalen Beeks","TBR",12.2,56,1,0.31428571,0.34285714,0.34285714,0.16666667,0.08333333,0.08333333,0,0.37142857,0.42857143,0.2,0.2,0.45714286,0.34285714,17192
2022,"Ranger Suarez","PHI",155.1,662,2.04724409,0.17484009,0.554371,0.27078891,0.07874016,0.11811024,0.05384615,0.25,0.42071882,0.31712474,0.26215645,0.19027484,0.55813953,0.25158562,17277
2022,"Michael Kopech","CHW",119.1,494,0.73584906,0.15853659,0.35670732,0.4847561,0.10691824,0.09433962,0.05128205,1,0.41337386,0.34346505,0.24316109,0.17021277,0.54103343,0.2887538,17282
2022,"Justus Sheffield","SEA",5,28,2,0.21052632,0.52631579,0.26315789,0,0.2,0.2,0,0.52631579,0.21052632,0.26315789,0.10526316,0.63157895,0.26315789,17285
2022,"Framber Valdez","HOU",201.1,827,4.15909091,0.17454545,0.66545455,0.16,0.09090909,0.125,0.05737705,0.4,0.43243243,0.36576577,0.2018018,0.16216216,0.53693694,0.3009009,17295
2022,"Justin Steele","CHC",119,512,1.83695652,0.20909091,0.51212121,0.27878788,0.09782609,0.08695652,0.09467456,1,0.39156627,0.37048193,0.23795181,0.18072289,0.56024096,0.25903614,17312
2022,"Brett Martin","TEX",1,5,3,0,1,0,0,0,0.33333333,0,0,0.33333333,0.66666667,0,1,0,17369
2022,"Erick Fedde","WSN",127,573,1.17449664,0.22488038,0.41866029,0.35645933,0.11409396,0.1409396,0.04571429,0.66666667,0.39904988,0.3824228,0.21852732,0.17339667,0.5368171,0.28978622,17425
2022,"Jeff Hoffman","CIN",1.2,7,1,0.33333333,0.33333333,0.33333333,0,0,0,0,0.66666667,0.33333333,0,0,1,0,17432
2022,"Jack Flaherty","STL",35,164,1.23529412,0.24752475,0.41584158,0.33663366,0.05882353,0.11764706,0.0952381,0.75,0.4952381,0.34285714,0.16190476,0.14285714,0.57142857,0.28571429,17479
2022,"Spenser Watkins","BAL",95,407,1.1826087,0.2056962,0.43037975,0.36392405,0.09565217,0.08695652,0.06617647,0,0.43573668,0.30721003,0.25705329,0.14106583,0.53918495,0.31974922,17489
2022,"Jimmy Herget","LAA",3,10,6,0.125,0.75,0.125,1,0,0,0,0.25,0.5,0.25,0.5,0.25,0.25,17556
2022,"JT Brubaker","PIT",144,646,1.32413793,0.22706422,0.44036697,0.33256881,0.08965517,0.11724138,0.0625,0,0.43807339,0.34862385,0.21330275,0.14678899,0.5206422,0.33256881,17578
2022,"Mitch Keller","PIT",153,660,1.72868217,0.22807018,0.48903509,0.28289474,0.10077519,0.10852713,0.04932735,0.5,0.34565217,0.38043478,0.27391304,0.16521739,0.55,0.28478261,17594
2022,"Cristian Javier","HOU",134.1,531,0.45614035,0.17,0.26,0.57,0.14035088,0.09356725,0.03846154,0.6,0.38032787,0.32131148,0.29836066,0.20327869,0.50491803,0.29180328,17606
2022,"Jeffrey Springs","TBR",125,513,1.00719424,0.19596542,0.40345821,0.40057637,0.10071942,0.10071942,0.1,0.5,0.41833811,0.35243553,0.22922636,0.16618911,0.5243553,0.30945559,17677
2022,"Nabil Crismatt","SDP",3,11,4,0,0.8,0.2,0,0,0,0,0.4,0.6,0,0.2,0.4,0.4,17732
2022,"Tyler Alexander","DET",80,346,0.76724138,0.23220974,0.33333333,0.43445693,0.06896552,0.14655172,0.06741573,0,0.38745387,0.35055351,0.26199262,0.15129151,0.47601476,0.37269373,17735
2022,"Nestor Cortes","NYY",158.1,615,0.70769231,0.19174757,0.33495146,0.47330097,0.13333333,0.08205128,0.05072464,0,0.38834951,0.34223301,0.26941748,0.17961165,0.54368932,0.27669903,17874
2022,"Dennis Santana","TEX",2,9,2,0.25,0.5,0.25,0,0,0,0,0.25,0.5,0.25,0.25,0.75,0,17878
2022,"Tyler Gilbert","ARI",31.1,134,0.74468085,0.21904762,0.33333333,0.44761905,0.06382979,0.14893617,0,0,0.37735849,0.37735849,0.24528302,0.16037736,0.49056604,0.3490566,17964
2022,"Logan Webb","SFG",192.1,787,2.38345865,0.19499106,0.56708408,0.23792487,0.06766917,0.08270677,0.06309148,0.14285714,0.42756184,0.36749117,0.204947,0.15547703,0.57243816,0.27208481,17995
2022,"Triston McKenzie","CLE",188.1,729,0.67226891,0.18442623,0.32786885,0.48770492,0.13865546,0.10504202,0.0875,0.4,0.39756592,0.34482759,0.25760649,0.14604462,0.51926978,0.3346856,18000
2022,"Josh Sborz","TEX",1,4,0.5,0.25,0.25,0.5,0,0,0,0,0,0.5,0.5,0,0.5,0.5,18323
2022,"Taylor Hearn","TEX",59,278,1.01408451,0.2513089,0.37696335,0.37172775,0.07042254,0.12676056,0.08333333,0.5,0.40932642,0.32642487,0.2642487,0.12953368,0.49222798,0.37823834,18325
2022,"James Kaprielian","OAK",134,577,0.86592179,0.18734793,0.37712895,0.43552311,0.0726257,0.08938547,0.04516129,0.25,0.4,0.33493976,0.26506024,0.14698795,0.5373494,0.31566265,18331
2022,"Alex Young","SFG",0.2,6,0.5,0.25,0.25,0.5,0,0,1,0,0.5,0,0.5,0.25,0,0.75,18333
2022,"Jaime Barria","LAA",4.2,21,0.57142857,0.15384615,0.30769231,0.53846154,0,0.14285714,0,0,0.42857143,0.35714286,0.21428571,0.21428571,0.64285714,0.14285714,18356
2022,"Connor Overton","CIN",24.2,89,1.19230769,0.20833333,0.43055556,0.36111111,0.15384615,0,0.03225806,0,0.375,0.41666667,0.20833333,0.13888889,0.59722222,0.26388889,18376
2022,"Scott Effross","CHC",1.1,7,1,0.14285714,0.42857143,0.42857143,0,0,0.66666667,0,0.42857143,0.42857143,0.14285714,0.14285714,0.57142857,0.28571429,18384
2022,"Jose Urquidy","HOU",162.1,671,0.80909091,0.19269777,0.36105477,0.44624746,0.10454545,0.12272727,0.1011236,1,0.43838384,0.32525253,0.23636364,0.16767677,0.52525253,0.30707071,18413
2022,"Josh Rogers","WSN",14,60,0.86363636,0.14583333,0.39583333,0.45833333,0.13636364,0.13636364,0.05263158,0,0.4375,0.25,0.3125,0.16666667,0.52083333,0.3125,18510
2022,"Dylan Cease","CHW",184,747,0.88481675,0.17431193,0.38761468,0.43807339,0.10471204,0.08376963,0.0591716,0.33333333,0.42596811,0.33485194,0.23917995,0.18451025,0.55808656,0.25740319,18525
2022,"Jake Woodford","STL",5.1,21,1.5,0.21052632,0.47368421,0.31578947,0.33333333,0,0.11111111,0,0.42105263,0.26315789,0.31578947,0.21052632,0.57894737,0.21052632,18674
2022,"Freddy Peralta","MIL",76.1,308,0.97560976,0.16923077,0.41025641,0.42051282,0.15853659,0.06097561,0.05,0,0.46428571,0.26530612,0.27040816,0.17857143,0.55612245,0.26530612,18679
2022,"Sandy Alcantara","MIA",228.2,886,1.74468085,0.15960912,0.53420195,0.30618893,0.11702128,0.08510638,0.06707317,0.83333333,0.40806452,0.36290323,0.22903226,0.21451613,0.52096774,0.26451613,18684
2022,"Nick Neidert","MIA",5,20,1.16666667,0.23529412,0.41176471,0.35294118,0,0.16666667,0,0,0.35294118,0.29411765,0.35294118,0.11764706,0.58823529,0.29411765,18699
2022,"Cody Poteet","MIA",7.2,31,2.16666667,0.13636364,0.59090909,0.27272727,0,0.16666667,0.07692308,0,0.54545455,0.31818182,0.13636364,0.09090909,0.63636364,0.27272727,18769
2022,"Dillon Peters","PIT",9,37,1.22222222,0.28571429,0.39285714,0.32142857,0,0,0.09090909,0,0.46428571,0.32142857,0.21428571,0.03571429,0.64285714,0.32142857,18790
2022,"Tommy Nance","MIA",5,22,0.42857143,0.16666667,0.25,0.58333333,0,0.14285714,0,0,0.33333333,0.41666667,0.25,0.16666667,0.5,0.33333333,19178
2022,"Robert Dugger","CIN",4,20,0.08333333,0.07142857,0.07142857,0.85714286,0.08333333,0.16666667,0,0,0.42857143,0.28571429,0.28571429,0.21428571,0.28571429,0.5,19191
2022,"Dakota Hudson","STL",136.2,585,1.91735537,0.18850575,0.53333333,0.27816092,0.0661157,0.07438017,0.04741379,0,0.43150685,0.35616438,0.21232877,0.15296804,0.5456621,0.30136986,19206
2022,"Mitch White","2 Tms",79.2,358,1.22580645,0.20689655,0.43678161,0.35632184,0.10752688,0.07526882,0.05263158,1,0.38257576,0.35606061,0.26136364,0.16666667,0.51893939,0.31439394,19225
2022,"Cole Irvin","OAK",181,741,0.89451477,0.20248668,0.37655417,0.42095915,0.07172996,0.10548523,0.05660377,0.14285714,0.3754386,0.35964912,0.26491228,0.13157895,0.54736842,0.32105263,19244
2022,"Thomas Hatch","TOR",4.2,26,2.5,0.26315789,0.52631579,0.21052632,0,0.75,0.1,0,0.57894737,0.26315789,0.15789474,0.05263158,0.57894737,0.36842105,19264
2022,"Justin Dunn","CIN",31,138,0.58333333,0.2,0.29473684,0.50526316,0.125,0.22916667,0.03571429,0.5,0.43298969,0.28865979,0.27835052,0.1443299,0.43298969,0.42268041,19268
2022,"T.J. Zeuch","CIN",10.2,64,1.5,0.18367347,0.48979592,0.32653061,0.0625,0.3125,0.16666667,0,0.44897959,0.32653061,0.2244898,0.18367347,0.44897959,0.36734694,19269
2022,"Vladimir Gutierrez","CIN",35,168,0.69811321,0.18918919,0.33333333,0.47747748,0.09433962,0.13207547,0.13513514,0,0.41964286,0.32142857,0.25892857,0.16964286,0.52678571,0.30357143,19278
2022,"Zac Gallen","ARI",184,714,1.27272727,0.17943107,0.4595186,0.36105033,0.08484848,0.09090909,0.06190476,0.5,0.40388769,0.32397408,0.27213823,0.14470842,0.5637149,0.29157667,19291
2022,"Trevor Richards","TOR",4.1,19,0.5,0.45454545,0.18181818,0.36363636,0,0,0,0,0.36363636,0.45454545,0.18181818,0,0.45454545,0.54545455,19309
2022,"Cal Quantrill","CLE",186.1,770,1.1146789,0.20103986,0.42114385,0.37781629,0.13302752,0.09633028,0.03703704,0.125,0.35213675,0.35042735,0.2974359,0.18119658,0.52991453,0.28888889,19312
2022,"Eric Lauer","MIL",158.2,661,0.76041667,0.22119816,0.33640553,0.44239631,0.078125,0.140625,0.06164384,0.2,0.36446469,0.38041002,0.25512528,0.17767654,0.4738041,0.34851936,19316
2022,"Daulton Jefferies","OAK",39.1,172,1.24,0.15789474,0.46616541,0.37593985,0.06,0.08,0.03225806,1,0.41044776,0.32089552,0.26865672,0.12686567,0.58208955,0.29104478,19345
2022,"Caleb Ferguson","LAD",1,3,0,0,0,0,0,0,0,0,0,0,0,0,0,0,19349
2022,"Dean Kremer","BAL",120,488,0.97916667,0.21270718,0.38950276,0.39779006,0.09722222,0.07638889,0.02836879,0.75,0.40163934,0.32513661,0.27322404,0.13387978,0.56830601,0.29781421,19350
2022,"Corbin Burnes","MIL",202,797,1.40490798,0.19507187,0.47022587,0.33470226,0.11042945,0.14110429,0.0349345,0.66666667,0.45510204,0.34081633,0.20408163,0.18163265,0.50204082,0.31632653,19361
2022,"Keegan Akin","BAL",2.1,10,0.33333333,0.2,0.2,0.6,0,0,0,0,0.4,0,0.6,0.2,0.6,0.2,19362
2022,"Walker Buehler","LAD",65,274,1.49206349,0.19897959,0.47959184,0.32142857,0.07936508,0.12698413,0.04255319,0,0.40609137,0.34517766,0.24873096,0.18274112,0.50761421,0.30964467,19374
2022,"Tony Gonsolin","LAD",130.1,498,1.09774436,0.17699115,0.43067847,0.39233038,0.05263158,0.08270677,0.02054795,1,0.46470588,0.31176471,0.22352941,0.12647059,0.55588235,0.31764706,19388
2022,"Dane Dunning","TEX",153.1,671,1.83333333,0.17621145,0.53303965,0.2907489,0.0530303,0.15151515,0.0785124,0.5,0.45869565,0.35217391,0.18913043,0.15,0.5173913,0.3326087,19409
2022,"Shane Bieber","CLE",200,791,1.53179191,0.20363636,0.48181818,0.31454545,0.06358382,0.10404624,0.04528302,0,0.43063063,0.34054054,0.22882883,0.12072072,0.54414414,0.33513514,19427
2022,"Patrick Sandoval","LAA",148.2,638,1.5390625,0.21875,0.47355769,0.30769231,0.1015625,0.0625,0.06598985,0.2,0.42517815,0.34679335,0.2280285,0.17102138,0.56532067,0.26365796,19447
2022,"Bryan Garcia","DET",20.1,84,1,0.18518519,0.40740741,0.40740741,0.04545455,0.13636364,0.04545455,0,0.44444444,0.37037037,0.18518519,0.14814815,0.59259259,0.25925926,19457
2022,"Aaron Civale","CLE",97,407,1.07476636,0.20430108,0.41218638,0.38351254,0.10280374,0.13084112,0.05217391,0,0.48214286,0.30714286,0.21071429,0.16785714,0.51785714,0.31428571,19479
2022,"Devin Smeltzer","MIN",62.2,256,0.83695652,0.14646465,0.38888889,0.46464646,0.10869565,0.14130435,0.06493506,0.66666667,0.47761194,0.30845771,0.21393035,0.16915423,0.49253731,0.33830846,19487
2022,"Jimmy Lambert","CHW",6.2,31,1.25,0.18181818,0.45454545,0.36363636,0.125,0.125,0.1,0,0.36363636,0.31818182,0.31818182,0.18181818,0.59090909,0.22727273,19541
2022,"Jordan Hicks","STL",26.1,120,2.29411765,0.1884058,0.56521739,0.24637681,0.05882353,0.17647059,0.02564103,0,0.33333333,0.50724638,0.15942029,0.23188406,0.43478261,0.33333333,19618
2022,"Kyle Wright","ATL",180.1,738,2.09848485,0.17871486,0.5562249,0.26506024,0.08333333,0.14393939,0.05776173,0.33333333,0.44510978,0.36726547,0.18762475,0.13972056,0.55688623,0.30339321,19665
2022,"Jason Alexander","MIL",56,251,1.97916667,0.23529412,0.50802139,0.25668449,0.0625,0.16666667,0.07368421,0.75,0.42931937,0.31937173,0.2513089,0.18324607,0.48167539,0.33507853,19666
2022,"Connor Seabold","BOS",18.1,98,0.60606061,0.22058824,0.29411765,0.48529412,0.12121212,0.15151515,0.05,0,0.42647059,0.35294118,0.22058824,0.20588235,0.48529412,0.30882353,19695
2022,"Matt Swarmer","CHC",24.2,107,0.56410256,0.16438356,0.30136986,0.53424658,0.1025641,0.28205128,0.04545455,0,0.56164384,0.28767123,0.15068493,0.10958904,0.43835616,0.45205479,19705
2022,"Dustin May","LAD",30,127,1.73913043,0.19230769,0.51282051,0.29487179,0.13043478,0.13043478,0.075,1,0.43037975,0.3164557,0.25316456,0.24050633,0.53164557,0.2278481,19716
2022,"Reiver Sanmartin","CIN",11.1,67,1.61538462,0.32,0.42,0.26,0.07692308,0.30769231,0.14285714,0,0.44,0.3,0.26,0.16,0.4,0.44,19754
2022,"Shohei Ohtani","LAA",166,660,1.09271523,0.19796954,0.41878173,0.38324873,0.1192053,0.09271523,0.03030303,0,0.39847716,0.32994924,0.2715736,0.20304569,0.55076142,0.24619289,19755
2022,"Will Vest","DET",1.2,12,1,0.42857143,0.28571429,0.28571429,0,0.5,0,0,0.28571429,0.14285714,0.57142857,0,0.71428571,0.28571429,19769
2022,"Keegan Thompson","CHC",78.1,345,0.83495146,0.22222222,0.35390947,0.42386831,0.09708738,0.13592233,0.05813953,1,0.37704918,0.36885246,0.25409836,0.15983607,0.45901639,0.38114754,19795
2022,"Wil Crowe","PIT",2,8,1,0,0.5,0.5,0,0.5,0,0,0.5,0.25,0.25,0,0.25,0.75,19800
2022,"Bryan Baker","BAL",3.2,15,0.16666667,0.22222222,0.11111111,0.66666667,0.33333333,0,0,0,0.66666667,0.22222222,0.11111111,0.44444444,0.33333333,0.22222222,19804
2022,"Daniel Castano","MIA",31.2,139,1.53125,0.25,0.4537037,0.2962963,0.09375,0.15625,0.10204082,0.5,0.48181818,0.32727273,0.19090909,0.19090909,0.58181818,0.22727273,19805
2022,"Tucker Davidson","2 Tms",49.1,227,1.26315789,0.18867925,0.45283019,0.35849057,0.05263158,0.12280702,0.09722222,0.5,0.40993789,0.34161491,0.2484472,0.1242236,0.60869565,0.26708075,19871
2022,"Alex Faedo","DET",53.2,244,0.71052632,0.24855491,0.31213873,0.43930636,0.10526316,0.09210526,0.01851852,1,0.40804598,0.37931034,0.21264368,0.10344828,0.54597701,0.35057471,19874
2022,"Tanner Houck","BOS",16.2,69,1.90909091,0.30434783,0.45652174,0.23913043,0.09090909,0,0.04761905,0,0.36170213,0.38297872,0.25531915,0.17021277,0.5106383,0.31914894,19879
2022,"Corbin Martin","ARI",8,38,0.41666667,0.29166667,0.20833333,0.5,0,0.25,0.4,0,0.28,0.48,0.24,0.16,0.16,0.68,19884
2022,"Clarke Schmidt","NYY",11.2,49,1.4,0.2,0.46666667,0.33333333,0,0,0.14285714,0,0.375,0.3125,0.3125,0,0.625,0.375,19899
2022,"Jose Suarez","LAA",102.1,435,1.10619469,0.21452145,0.41254125,0.37293729,0.08849558,0.11504425,0.096,0.5,0.41311475,0.36721311,0.21967213,0.1147541,0.58360656,0.30163934,19911
2022,"Ian Anderson","ATL",111.2,493,1.58252427,0.21764706,0.47941176,0.30294118,0.06796117,0.11650485,0.05521472,1,0.47507331,0.30498534,0.21994135,0.14076246,0.57184751,0.28739003,19951
2022,"Jesus Luzardo","MIA",100.1,400,1.11494253,0.23966942,0.40082645,0.35950413,0.06896552,0.11494253,0.02061856,0,0.45679012,0.34156379,0.20164609,0.16049383,0.51028807,0.32921811,19959
2022,"Joey Wentz","DET",32.2,135,0.85,0.20430108,0.3655914,0.43010753,0.025,0.05,0.02941176,0,0.39361702,0.36170213,0.24468085,0.18085106,0.5212766,0.29787234,19962
2022,"Tyson Miller","TEX",4.2,32,1,0.4,0.3,0.3,0,0.16666667,0.33333333,0,0.45,0.35,0.2,0.35,0.3,0.35,19976
2022,"Zach Plesac","CLE",130.2,565,1.03726708,0.21718377,0.39856802,0.38424821,0.08074534,0.11801242,0.05988024,0.66666667,0.46682464,0.29383886,0.23933649,0.14218009,0.54976303,0.30805687,19979
2022,"Bryse Wilson","PIT",93.1,413,1.15929204,0.21794872,0.41987179,0.36217949,0.0619469,0.15044248,0.03816794,0,0.46496815,0.29299363,0.24203822,0.10828025,0.48089172,0.41082803,19990
2022,"Tyler Wells","BAL",103.2,423,0.78767123,0.16878981,0.36624204,0.46496815,0.15753425,0.10958904,0.03478261,0.33333333,0.42586751,0.29968454,0.27444795,0.1829653,0.53943218,0.27760252,20000
2022,"Kenny Rosenberg","LAA",4.2,19,0.625,0.13333333,0.33333333,0.53333333,0,0,0,0,0.4,0.33333333,0.26666667,0.26666667,0.6,0.13333333,20009
2022,"Bailey Falter","PHI",76.2,318,0.74489796,0.24336283,0.32300885,0.43362832,0.09183673,0.14285714,0.05479452,0,0.38495575,0.37168142,0.24336283,0.16371681,0.54424779,0.2920354,20070
2022,"Mauricio Llovera","SFG",1,3,0,0,0,1,0,0,0,0,0,0.5,0.5,0,0.5,0.5,20080
2022,"Chris Paddack","MIN",22.1,93,1.36363636,0.23529412,0.44117647,0.32352941,0.13636364,0,0.13333333,1,0.4,0.32857143,0.27142857,0.15714286,0.6,0.24285714,20099
2022,"Adam Oller","OAK",66,296,0.54700855,0.17351598,0.29223744,0.53424658,0.11965812,0.14529915,0.03125,1,0.43891403,0.32126697,0.239819,0.14932127,0.49321267,0.35746606,20132
2022,"Nick Nelson","PHI",4,20,2,0,0.66666667,0.33333333,0.33333333,0,0.33333333,0,0.44444444,0.11111111,0.44444444,0.33333333,0.44444444,0.22222222,20153
2022,"Kyle Muller","ATL",12.1,59,1.36363636,0.31578947,0.39473684,0.28947368,0.09090909,0.18181818,0.06666667,0,0.56410256,0.17948718,0.25641026,0.12820513,0.64102564,0.23076923,20167
2022,"Garrett Whitlock","BOS",39,164,1.15555556,0.1637931,0.44827586,0.38793103,0.17777778,0.11111111,0.03846154,0,0.37931034,0.30172414,0.31896552,0.18103448,0.49137931,0.32758621,20191
2022,"Eli Morgan","CLE",3,12,0.25,0,0.2,0.8,0,0.25,0,0,0.2,0.6,0.2,0.2,0.4,0.4,20203
2022,"Mike Baumann","BAL",18.1,79,1.94736842,0.15151515,0.56060606,0.28787879,0.05263158,0.10526316,0.02702703,0,0.40909091,0.37878788,0.21212121,0.10606061,0.5,0.39393939,20206
2022,"Zach Logue","OAK",49.1,215,0.53012048,0.19620253,0.27848101,0.52531646,0.13253012,0.13253012,0.04545455,0,0.44375,0.30625,0.25,0.20625,0.475,0.31875,20231
2022,"Cory Abbott","WSN",39,182,0.53030303,0.13675214,0.2991453,0.56410256,0.12121212,0.15151515,0.11428571,1,0.44915254,0.30508475,0.24576271,0.16101695,0.50847458,0.33050847,20277
2022,"Jhonathan Diaz","LAA",11.1,50,2.83333333,0.25806452,0.5483871,0.19354839,0.16666667,0,0,0,0.5483871,0.22580645,0.22580645,0.06451613,0.58064516,0.35483871,20298
2022,"David Peterson","NYM",91,395,2.01694915,0.24576271,0.50423729,0.25,0.11864407,0.13559322,0.08403361,0,0.38818565,0.36708861,0.24472574,0.16033755,0.51476793,0.32489451,20302
2022,"Steven Wilson","SDP",1,3,1,0,1,0,0,0,0,0,0,0,1,0,1,0,20353
2022,"Brusdar Graterol","LAD",1,6,3,0.2,0.6,0.2,0,0,0.66666667,0,0.2,0.4,0.4,0.6,0.4,0,20367
2022,"Matt Manning","DET",63,263,1.02564103,0.18974359,0.41025641,0.4,0.14102564,0.07692308,0.05,0,0.40512821,0.33333333,0.26153846,0.17948718,0.4974359,0.32307692,20369
2022,"Bruce Zimmermann","BAL",66.2,289,0.92553191,0.20264317,0.38325991,0.41409692,0.07446809,0.19148936,0.10344828,0,0.49130435,0.29565217,0.21304348,0.13043478,0.55217391,0.3173913,20370
2022,"Josh Fleming","TBR",11.2,58,2.9,0.09302326,0.6744186,0.23255814,0.1,0.3,0.10344828,0,0.37209302,0.37209302,0.25581395,0.1627907,0.41860465,0.41860465,20418
2022,"Rony Garcia","DET",37,155,0.64705882,0.23636364,0.3,0.46363636,0.1372549,0.1372549,0.12121212,0,0.39090909,0.37272727,0.23636364,0.15454545,0.50909091,0.33636364,20430
2022,"Huascar Ynoa","ATL",6.2,37,2,0.2173913,0.52173913,0.26086957,0,0.33333333,0,0,0.47826087,0.30434783,0.2173913,0.13043478,0.39130435,0.47826087,20468
2022,"Casey Mize","DET",10,45,0.77777778,0.15789474,0.36842105,0.47368421,0.05555556,0.05555556,0.07142857,0,0.17948718,0.48717949,0.33333333,0.07692308,0.61538462,0.30769231,20492
2022,"Kyle Nelson","ARI",1,3,1,0,0.5,0.5,0,0,0,0,0.5,0.5,0,0,0.5,0.5,20515
2022,"Denyi Reyes","BAL",3.2,16,0.83333333,0.21428571,0.35714286,0.42857143,0.33333333,0,0,0,0.42857143,0.57142857,0,0.28571429,0.5,0.21428571,20526
2022,"Kutter Crawford","BOS",61.1,259,0.71604938,0.22777778,0.32222222,0.45,0.09876543,0.12345679,0.06896552,0.5,0.42857143,0.36263736,0.20879121,0.14285714,0.48351648,0.37362637,20531
2022,"Kirk McCarty","CLE",9,43,1.07142857,0.14705882,0.44117647,0.41176471,0.21428571,0.28571429,0.2,0,0.44117647,0.26470588,0.29411765,0.11764706,0.5,0.38235294,20555
2022,"Jackson Tetreault","WSN",21,96,1.03333333,0.20779221,0.4025974,0.38961039,0.13333333,0.13333333,0.09677419,0,0.36363636,0.32467532,0.31168831,0.09090909,0.50649351,0.4025974,20565
2022,"Yusei Kikuchi","TOR",82.1,371,1.17647059,0.17040359,0.44843049,0.38116592,0.04705882,0.22352941,0.08,0,0.49553571,0.34821429,0.15625,0.125,0.47767857,0.39732143,20633
2022,"Cristopher Sanchez","PHI",13.1,53,1.30769231,0.21052632,0.44736842,0.34210526,0.07692308,0.23076923,0,0,0.23684211,0.5,0.26315789,0.13157895,0.44736842,0.42105263,20778
2022,"Elvin Rodriguez","DET",23.1,110,0.80555556,0.17721519,0.36708861,0.4556962,0.13888889,0.25,0,1,0.5125,0.2875,0.2,0.1375,0.5,0.3625,20962
2022,"Adrian Martinez","OAK",57.2,259,1.15151515,0.22826087,0.41304348,0.35869565,0.10606061,0.1969697,0.05263158,0,0.40217391,0.33152174,0.26630435,0.18478261,0.51630435,0.29891304,21023
2022,"Luis Gil","NYY",4,19,1.66666667,0.33333333,0.41666667,0.25,0.33333333,0,0,0,0.33333333,0.16666667,0.5,0.16666667,0.5,0.33333333,21052
2022,"Thomas Szapucki","NYM",1.1,13,0.2,0.25,0.125,0.625,0,0.8,0,0,0.625,0.375,0,0,0.25,0.75,21065
2022,"Dauri Moreta","CIN",0.1,3,1,0,0.5,0.5,0,1,0,0,0.5,0,0.5,0,0,1,21101
2022,"Miguel Yajure","PIT",4,18,1.75,0.26666667,0.46666667,0.26666667,0.25,0,0.14285714,0,0.46666667,0.33333333,0.2,0.2,0.26666667,0.53333333,21111
2022,"Humberto Castellanos","ARI",41.1,180,0.81481481,0.27407407,0.32592593,0.4,0.11111111,0.12962963,0.04545455,0,0.42222222,0.34074074,0.23703704,0.14814815,0.54074074,0.31111111,21183
2022,"Bailey Ober","MIN",56,227,0.54216867,0.20987654,0.27777778,0.51234568,0.08433735,0.04819277,0.06666667,0,0.3803681,0.36196319,0.25766871,0.14110429,0.55214724,0.30674847,21224
2022,"Tylor Megill","NYM",41.1,174,1.2972973,0.24107143,0.42857143,0.33035714,0.10810811,0.16216216,0.0625,0.33333333,0.43478261,0.33913043,0.22608696,0.15652174,0.57391304,0.26956522,21318
2022,"Glenn Otto","TEX",135.2,587,1.15436242,0.19548872,0.43107769,0.37343358,0.1409396,0.1409396,0.05813953,0.4,0.46039604,0.31188119,0.22772277,0.14851485,0.52227723,0.32920792,21366
2022,"Joe Ryan","MIN",147,604,0.51184834,0.18205128,0.27692308,0.54102564,0.16113744,0.09478673,0.05555556,0.33333333,0.36616162,0.3459596,0.28787879,0.2020202,0.49242424,0.30555556,21390
2022,"Ryan Feltner","COL",94,413,1.01709402,0.19178082,0.40753425,0.40068493,0.07692308,0.13675214,0.01680672,0,0.38356164,0.36986301,0.24657534,0.14041096,0.50684932,0.35273973,21446
2022,"Davis Martin","CHW",44.1,193,0.94339623,0.26950355,0.35460993,0.37588652,0.1509434,0.09433962,0,0,0.39716312,0.35460993,0.24822695,0.14184397,0.5248227,0.33333333,21448
2022,"Konnor Pilkington","CLE",51,231,1,0.21794872,0.39102564,0.39102564,0.09836066,0.09836066,0.09836066,0,0.35031847,0.34394904,0.30573248,0.17834395,0.50318471,0.31847134,21453
2022,"Kris Bubic","KCR",128,583,1.23134328,0.25806452,0.40942928,0.3325062,0.05223881,0.12686567,0.09090909,0.2,0.38970588,0.3504902,0.25980392,0.15931373,0.50980392,0.33088235,21455
2022,"Cole Sands","MIN",12.1,65,1.16666667,0.11363636,0.47727273,0.40909091,0.05555556,0.16666667,0.0952381,0,0.47727273,0.20454545,0.31818182,0.13636364,0.54545455,0.31818182,21461
2022,"Shane McClanahan","TBR",166.1,641,1.66942149,0.19651741,0.50248756,0.30099502,0.07438017,0.15702479,0.04455446,0.66666667,0.41728395,0.34074074,0.24197531,0.12839506,0.58765432,0.28395062,21483
2022,"Daniel Lynch","KCR",131.2,600,1.11612903,0.21342926,0.41486811,0.37170264,0.05806452,0.13548387,0.0982659,0.5,0.41805226,0.34204276,0.23990499,0.13539192,0.48456057,0.38004751,21537
2022,"Reiss Knehr","SDP",3.2,19,0.42857143,0.28571429,0.21428571,0.5,0.14285714,0,0,0,0.35714286,0.35714286,0.28571429,0.07142857,0.5,0.42857143,21541
2022,"Edward Cabrera","MIA",71.2,291,1.18461538,0.16470588,0.45294118,0.38235294,0.07692308,0.15384615,0.05194805,0.75,0.42528736,0.33333333,0.24137931,0.16091954,0.56321839,0.27586207,21690
2022,"Javier Assad","CHC",36.2,161,0.93478261,0.21238938,0.38053097,0.40707965,0.23913043,0.08695652,0.02325581,0,0.4159292,0.27433628,0.30973451,0.23893805,0.46902655,0.2920354,21741
2022,"Braxton Garrett","MIA",88,373,1.55263158,0.2145749,0.47773279,0.30769231,0.09210526,0.11842105,0.08474576,0,0.40963855,0.35341365,0.23694779,0.18473896,0.5060241,0.30923695,21844
2022,"Cole Ragans","TEX",40,174,0.92156863,0.24615385,0.36153846,0.39230769,0.21568627,0.11764706,0.0212766,1,0.46564885,0.26717557,0.26717557,0.17557252,0.46564885,0.35877863,21846
2022,"Max Castillo","2 Tms",26,116,1.09677419,0.19753086,0.41975309,0.38271605,0.09677419,0.16129032,0,0.66666667,0.45238095,0.35714286,0.19047619,0.11904762,0.55952381,0.32142857,21956
2022,"Hunter Greene","CIN",125.2,531,0.60402685,0.22149837,0.29315961,0.48534202,0.12080537,0.16107383,0.06666667,1,0.39805825,0.32686084,0.27508091,0.13915858,0.53721683,0.3236246,22182
2022,"MacKenzie Gore","SDP",65.1,286,0.93055556,0.23626374,0.36813187,0.3956044,0.08333333,0.08333333,0.04477612,0,0.34972678,0.3442623,0.30601093,0.1420765,0.50273224,0.35519126,22201
2022,"DL Hall","BAL",3.2,19,1.33333333,0.3,0.4,0.3,0,0,0,0,0.4,0.3,0.3,0.1,0.6,0.3,22207
2022,"Jonathan Heasley","KCR",104,465,0.82467532,0.17595308,0.37243402,0.4516129,0.07142857,0.12337662,0.1023622,0,0.45614035,0.30701754,0.23684211,0.15789474,0.51461988,0.32748538,22224
2022,"Logan Gilbert","SEA",185.2,766,0.93719807,0.24196597,0.36672968,0.39130435,0.09178744,0.09178744,0.04639175,0.375,0.40782123,0.33333333,0.25884544,0.1433892,0.5027933,0.3538175,22250
2022,"Shane Baz","TBR",27,117,1.26923077,0.23376623,0.42857143,0.33766234,0.03846154,0.19230769,0,0,0.4025974,0.41558442,0.18181818,0.12987013,0.44155844,0.42857143,22264
2022,"Tarik Skubal","DET",117.2,477,1.29824561,0.19135802,0.45679012,0.35185185,0.0877193,0.07894737,0.09459459,0.33333333,0.33639144,0.3883792,0.27522936,0.13149847,0.57492355,0.29357798,22267
2022,"Trevor Rogers","MIA",107,477,1.1754386,0.22257053,0.4200627,0.35736677,0.05263158,0.13157895,0.06716418,0.5,0.42056075,0.34267913,0.23676012,0.19314642,0.51713396,0.28971963,22286
2022,"Matthew Liberatore","STL",29.2,139,0.97222222,0.23655914,0.37634409,0.38709677,0.13888889,0.11111111,0,0,0.37894737,0.42105263,0.2,0.11578947,0.51578947,0.36842105,22294
2022,"Josh Winckowski","BOS",67.1,301,1.71014493,0.18695652,0.51304348,0.3,0.05797101,0.14492754,0.05932203,0.5,0.39655172,0.3362069,0.26724138,0.15517241,0.54310345,0.30172414,22387
2022,"Johan Oviedo","2 Tms",35.2,160,1.64705882,0.14285714,0.53333333,0.32380952,0.14705882,0.05882353,0.07142857,0,0.53333333,0.22857143,0.23809524,0.15238095,0.56190476,0.28571429,22487
2022,"Carlos Hernandez","KCR",29.2,149,1.11904762,0.19090909,0.42727273,0.38181818,0.11904762,0.0952381,0.10638298,0.5,0.42857143,0.33928571,0.23214286,0.15178571,0.51785714,0.33035714,22713
2022,"Angel Zerpa","KCR",9,37,1.5,0.16666667,0.5,0.33333333,0.1,0.2,0,1,0.38709677,0.41935484,0.19354839,0.06451613,0.41935484,0.51612903,22717
2022,"Roansy Contreras","PIT",87.1,377,0.79310345,0.20912548,0.34980989,0.44106464,0.12931034,0.10344828,0.06521739,0,0.46590909,0.30681818,0.22727273,0.15151515,0.49242424,0.35606061,22810
2022,"Luis Patino","TBR",20,98,0.72972973,0.11111111,0.375,0.51388889,0.08108108,0.16216216,0.07407407,1,0.4109589,0.36986301,0.21917808,0.17808219,0.50684932,0.31506849,22815
2022,"Joan Adon","WSN",64.2,310,1.45588235,0.19323671,0.47826087,0.32850242,0.05882353,0.11764706,0.07070707,0,0.45238095,0.3047619,0.24285714,0.16666667,0.51904762,0.31428571,22925
2022,"Michael Grove","LAD",28.1,126,0.84090909,0.12903226,0.39784946,0.47311828,0.02272727,0.13636364,0.08108108,0,0.40860215,0.34408602,0.24731183,0.08602151,0.49462366,0.41935484,23221
2022,"Spencer Howard","TEX",34,162,0.96078431,0.18032787,0.40163934,0.41803279,0.07843137,0.19607843,0.04081633,1,0.37398374,0.31707317,0.30894309,0.11382114,0.55284553,0.33333333,23252
2022,"Packy Naughton","STL",7,33,1.3,0.14814815,0.48148148,0.37037037,0.1,0.2,0.15384615,0,0.59259259,0.25925926,0.14814815,0.11111111,0.62962963,0.25925926,23292
2022,"Janson Junk","LAA",7.1,33,2.2,0.2,0.55,0.25,0,0.2,0.18181818,0,0.35,0.5,0.15,0.05,0.6,0.35,23301
2022,"Jose Butto","NYM",4,23,0.375,0.3125,0.1875,0.5,0.5,0.25,0.33333333,0,0.375,0.25,0.375,0.375,0.1875,0.4375,23313
2022,"JP Sears","2 Tms",52.2,225,0.91428571,0.19760479,0.38323353,0.41916168,0.18571429,0.1,0.078125,0.5,0.37869822,0.36094675,0.26035503,0.17159763,0.44970414,0.37869822,23429
2022,"Tommy Romero","2 Tms",5.1,34,0.41666667,0.22727273,0.22727273,0.54545455,0.16666667,0.5,0,0,0.59090909,0.31818182,0.09090909,0.13636364,0.45454545,0.40909091,23465
2022,"Aaron Ashby","MIL",88,393,1.85915493,0.15767635,0.54771784,0.29460581,0.05633803,0.21126761,0.12878788,0.25,0.39591837,0.34693878,0.25714286,0.17142857,0.55102041,0.27755102,23550
2022,"Luis Garcia","HOU",157.1,643,0.86315789,0.18807339,0.37614679,0.43577982,0.1,0.12105263,0.04878049,0,0.42465753,0.30821918,0.26712329,0.16894977,0.51141553,0.3196347,23735
2022,"Ryan Weathers","SDP",3.2,21,1.75,0.21428571,0.5,0.28571429,0.25,0,0,0,0.42857143,0.28571429,0.28571429,0.07142857,0.64285714,0.28571429,23796
2022,"Brayan Bello","BOS",52.1,245,2.19512195,0.22941176,0.52941176,0.24117647,0.04878049,0.02439024,0.07777778,0,0.38596491,0.3625731,0.25146199,0.15204678,0.56725146,0.28070175,23920
2022,"Simeon Woods Richardson","MIN",5,20,0.5,0.4,0.2,0.4,0.16666667,0.16666667,0.33333333,0,0.46666667,0.26666667,0.26666667,0.13333333,0.4,0.46666667,24494
2022,"Josiah Gray","WSN",148.2,649,0.67156863,0.17831325,0.33012048,0.49156627,0.10784314,0.18627451,0.08029197,0.6,0.43333333,0.32857143,0.23809524,0.21428571,0.48809524,0.29761905,24580
2022,"Kyle Bradish","BAL",117.2,509,1.36842105,0.21052632,0.45614035,0.33333333,0.0877193,0.14912281,0.06410256,0,0.38081395,0.38953488,0.22965116,0.12790698,0.5494186,0.32267442,24586
2022,"Josh Winder","MIN",53,224,0.7012987,0.21084337,0.3253012,0.46385542,0.12987013,0.1038961,0.05555556,0,0.42771084,0.37349398,0.19879518,0.18072289,0.54216867,0.27710843,24606
2022,"Andrew Wantz","LAA",1,4,0,1,0,0,0,0,0,0,1,0,0,0,0,1,24933
2022,"Cooper Criswell","TBR",3.1,13,1.66666667,0,0.625,0.375,0,0,0,0,0.375,0.5,0.125,0.125,0.625,0.25,24975
2022,"Evan Lee","WSN",3.2,19,1.2,0.15384615,0.46153846,0.38461538,0.2,0,0,0,0.23076923,0.53846154,0.23076923,0.15384615,0.53846154,0.30769231,24988
2022,"Garrett Hill","DET",42.2,185,0.84375,0.16901408,0.38028169,0.45070423,0.109375,0.09375,0.03703704,0,0.3986014,0.31468531,0.28671329,0.1958042,0.53846154,0.26573427,25097
2022,"Penn Murfee","SEA",2,8,0.66666667,0,0.4,0.6,0,0,0.5,0,0.4,0,0.6,0,0.6,0.4,25174
2022,"Brady Singer","KCR",147.2,595,1.552,0.2025,0.485,0.3125,0.112,0.136,0.0257732,0.42857143,0.34889435,0.38574939,0.26535627,0.13759214,0.54545455,0.31695332,25377
2022,"Sam Long","SFG",12.1,51,0.8,0.14285714,0.38095238,0.47619048,0.05,0.1,0.1875,1,0.30232558,0.51162791,0.18604651,0.20930233,0.53488372,0.25581395,25379
2022,"Drew Rasmussen","TBR",146,584,1.36111111,0.19239905,0.46555819,0.34204276,0.11805556,0.09027778,0.05612245,0,0.39007092,0.35460993,0.25531915,0.13711584,0.55791962,0.30496454,25385
2022,"Cody Morris","CLE",20.2,89,0.95454545,0.25862069,0.36206897,0.37931034,0,0.13636364,0.04761905,0,0.37931034,0.4137931,0.20689655,0.13793103,0.48275862,0.37931034,25388
2022,"George Kirby","SEA",130,542,1.19444444,0.16402116,0.45502646,0.38095238,0.09722222,0.09027778,0.12209302,0.75,0.35078534,0.37434555,0.27486911,0.16492147,0.52094241,0.31413613,25436
2022,"Xzavion Curry","CLE",9.1,47,0.78571429,0.32432432,0.2972973,0.37837838,0.07142857,0.07142857,0.09090909,0,0.40540541,0.43243243,0.16216216,0.13513514,0.64864865,0.21621622,25595
2022,"Hunter Gaddis","CLE",7.1,40,0.27272727,0.125,0.1875,0.6875,0.04545455,0.31818182,0,0,0.34375,0.40625,0.25,0.09375,0.375,0.53125,25636
2022,"Matt Brash","SEA",20,95,2.75,0.22413793,0.56896552,0.20689655,0.08333333,0.25,0.09090909,0,0.44827586,0.32758621,0.22413793,0.12068966,0.60344828,0.27586207,25756
2022,"Hunter Brown","HOU",12,44,2.71428571,0.13333333,0.63333333,0.23333333,0.14285714,0,0,0,0.36666667,0.43333333,0.2,0.03333333,0.53333333,0.43333333,25880
2022,"Zack Thompson","STL",5,24,0.77777778,0.2,0.35,0.45,0,0.22222222,0,0,0.35,0.3,0.35,0.15,0.6,0.25,25918
2022,"Beau Brieske","DET",81.2,339,0.85714286,0.1875,0.375,0.4375,0.08035714,0.125,0.04166667,0.33333333,0.3976834,0.37451737,0.22779923,0.16602317,0.49034749,0.34362934,26079
2022,"Andre Pallante","STL",54.1,228,3.38709677,0.20467836,0.61403509,0.18128655,0.03225806,0.19354839,0.04761905,0,0.38596491,0.28070175,0.33333333,0.1754386,0.51461988,0.30994152,26108
2022,"Caleb Kilian","CHC",11.1,56,1.21428571,0.08823529,0.5,0.41176471,0,0,0.17647059,0,0.29411765,0.38235294,0.32352941,0.08823529,0.55882353,0.35294118,26213
2022,"Ryan Pepiot","LAD",31.1,137,0.34042553,0.16,0.21333333,0.62666667,0.10638298,0.12765957,0,1,0.26315789,0.43421053,0.30263158,0.19736842,0.47368421,0.32894737,26221
2022,"Ryne Nelson","ARI",18.1,69,0.37931034,0.14893617,0.23404255,0.61702128,0.10344828,0.06896552,0,0,0.31914894,0.38297872,0.29787234,0.14893617,0.57446809,0.27659574,26253
2022,"Drey Jameson","ARI",24.1,98,2.64285714,0.22727273,0.56060606,0.21212121,0.07142857,0.14285714,0.02702703,0,0.5,0.31818182,0.18181818,0.16666667,0.45454545,0.37878788,26260
2022,"Tommy Henry","ARI",47,205,0.94915254,0.19014085,0.3943662,0.41549296,0.06779661,0.16949153,0.03571429,0.33333333,0.34482759,0.35172414,0.30344828,0.10344828,0.51724138,0.37931034,26285
2022,"Bryan Hoeing","MIA",3,17,3,0.14285714,0.64285714,0.21428571,0,0.66666667,0.22222222,0,0.64285714,0.28571429,0.07142857,0.14285714,0.57142857,0.28571429,26304
2022,"Ethan Small","MIL",6.1,33,1,0.33333333,0.33333333,0.33333333,0.16666667,0.16666667,0.33333333,0,0.72222222,0.16666667,0.11111111,0.11111111,0.27777778,0.61111111,26364
2022,"Nick Lodolo","CIN",103.1,441,1.34883721,0.1984127,0.46031746,0.34126984,0.13953488,0.15116279,0.06034483,0,0.36111111,0.39285714,0.24603175,0.16666667,0.53571429,0.29761905,26378
2022,"Alek Manoah","TOR",196.2,786,0.89285714,0.20599251,0.37453184,0.41947566,0.125,0.07142857,0.07,0.6,0.45269017,0.31725417,0.23005566,0.16883117,0.59369202,0.23747681,26410
2022,"Reid Detmers","LAA",129,539,0.86666667,0.22437673,0.3601108,0.41551247,0.11333333,0.08666667,0.08461538,0,0.37741047,0.36088154,0.26170799,0.1707989,0.51515152,0.31404959,27468
2022,"Cade Cavalli","WSN",4.1,23,1.2,0.08333333,0.5,0.41666667,0,0,0.16666667,0,0.08333333,0.5,0.41666667,0,0.58333333,0.41666667,27473
2022,"Max Meyer","MIA",6,26,1,0.11111111,0.44444444,0.44444444,0.25,0.25,0,0,0.33333333,0.44444444,0.22222222,0.27777778,0.44444444,0.27777778,27474
2022,"Spencer Strider","ATL",107.1,433,1.18292683,0.22510823,0.41991342,0.35497835,0.13414634,0.08536585,0.10309278,0,0.32034632,0.37662338,0.3030303,0.1991342,0.50649351,0.29437229,27498
2022,"Kohei Arihara","TEX",18,96,1.73684211,0.23529412,0.48529412,0.27941176,0,0.21052632,0.06060606,1,0.5,0.27142857,0.22857143,0.12857143,0.55714286,0.31428571,27505
2022,"Jared Koenig","OAK",25.1,119,1.44827586,0.20224719,0.47191011,0.3258427,0.10344828,0.13793103,0.07142857,0,0.44444444,0.35555556,0.2,0.14444444,0.48888889,0.36666667,27517
2022,"Graham Ashcraft","CIN",105,464,2.19318182,0.20621469,0.54519774,0.24858757,0.07954545,0.125,0.07253886,0,0.34084507,0.38591549,0.27323944,0.1915493,0.51549296,0.29295775,27552
2022,"Hayden Wesneski","CHC",24.1,98,1.23076923,0.12121212,0.48484848,0.39393939,0.11538462,0.03846154,0.0625,0,0.42647059,0.33823529,0.23529412,0.22058824,0.64705882,0.13235294,27581
2022,"Luis Ortiz","PIT",16,69,1.05882353,0.14634146,0.43902439,0.41463415,0.23529412,0.05882353,0.16666667,0,0.33333333,0.35714286,0.30952381,0.21428571,0.54761905,0.23809524,27646
2022,"Ken Waldichuk","OAK",34.2,146,0.81395349,0.21212121,0.35353535,0.43434343,0.09302326,0.11627907,0.02857143,0,0.4040404,0.33333333,0.26262626,0.13131313,0.53535354,0.33333333,27681
2022,"Louie Varland","MIN",26,106,0.875,0.23076923,0.35897436,0.41025641,0.09375,0.125,0.07142857,0,0.44871795,0.29487179,0.25641026,0.15384615,0.47435897,0.37179487,27691
2022,"Bryce Elder","ATL",51.2,214,1.6,0.17605634,0.50704225,0.31690141,0.11111111,0.08888889,0.06944444,0.5,0.45138889,0.36805556,0.18055556,0.15972222,0.58333333,0.25694444,27779
2022,"Chase Silseth","LAA",28.2,129,1.5,0.23076923,0.46153846,0.30769231,0.03571429,0.25,0,0,0.40217391,0.34782609,0.25,0.10869565,0.5326087,0.35869565,30074